DATE,DEXSFUS
2015-01-01,11.5425
2015-01-02,11.6990
2015-01-05,11.7155
2015-01-06,11.7005
2015-01-07,11.7075
2015-01-08,11.5530
2015-01-09,11.4850
2015-01-12,11.5260
2015-01-13,11.5100
2015-01-14,11.4405
2015-01-15,11.5100
2015-01-16,11.5740
2015-01-19,11.5740
2015-01-20,11.6130
2015-01-21,11.5240
2015-01-22,11.3765
2015-01-23,11.4020
2015-01-26,11.4430
2015-01-27,11.5410
2015-01-28,11.5250
2015-01-29,11.5570
2015-01-30,11.6510
2015-02-02,11.5185
2015-02-03,11.4065
2015-02-04,11.4375
2015-02-05,11.2705
2015-02-06,11.5005
2015-02-09,11.5930
2015-02-10,11.7040
2015-02-11,11.8645
2015-02-12,11.6920
2015-02-13,11.6300
2015-02-16,11.6300
2015-02-17,11.6310
2015-02-18,11.6820
2015-02-19,11.6225
2015-02-20,11.6230
2015-02-23,11.6250
2015-02-24,11.5385
2015-02-25,11.4440
2015-02-26,11.5000
2015-02-27,11.6865
2015-03-02,11.7490
2015-03-03,11.7660
2015-03-04,11.8230
2015-03-05,11.8145
2015-03-06,12.0555
2015-03-09,12.0910
2015-03-10,12.3335
2015-03-11,12.2760
2015-03-12,12.2625
2015-03-13,12.4655
2015-03-16,12.4200
2015-03-17,12.3875
2015-03-18,12.3265
2015-03-19,12.3285
2015-03-20,12.0400
2015-03-23,11.9030
2015-03-24,11.8360
2015-03-25,11.8550
2015-03-26,11.9220
2015-03-27,12.0155
2015-03-30,12.1355
2015-03-31,12.1385
2015-04-01,11.9610
2015-04-02,11.9730
2015-04-03,11.7765
2015-04-06,11.7340
2015-04-07,11.8575
2015-04-08,11.8145
2015-04-09,11.9040
2015-04-10,11.9935
2015-04-13,12.1095
2015-04-14,11.9940
2015-04-15,12.1720
2015-04-16,11.9650
2015-04-17,12.0670
2015-04-20,12.0945
2015-04-21,12.1120
2015-04-22,12.2050
2015-04-23,12.1800
2015-04-24,12.1055
2015-04-27,11.9785
2015-04-28,11.8100
2015-04-29,11.7185
2015-04-30,11.9355
2015-05-01,12.0650
2015-05-04,12.0455
2015-05-05,12.0040
2015-05-06,11.9775
2015-05-07,12.0405
2015-05-08,11.9215
2015-05-11,12.0820
2015-05-12,12.0430
2015-05-13,11.8760
2015-05-14,11.8220
2015-05-15,11.7645
2015-05-18,11.8520
2015-05-19,11.9130
2015-05-20,11.8705
2015-05-21,11.8395
2015-05-22,11.8600
2015-05-25,11.8600
2015-05-26,12.0790
2015-05-27,12.0775
2015-05-28,12.1655
2015-05-29,12.1420
2015-06-01,12.2530
2015-06-02,12.2290
2015-06-03,12.2625
2015-06-04,12.3625
2015-06-05,12.5715
2015-06-08,12.5400
2015-06-09,12.4300
2015-06-10,12.3115
2015-06-11,12.3370
2015-06-12,12.4050
2015-06-15,12.4025
2015-06-16,12.3815
2015-06-17,12.4100
2015-06-18,12.1890
2015-06-19,12.1545
2015-06-22,12.1105
2015-06-23,12.1955
2015-06-24,12.1455
2015-06-25,12.0845
2015-06-26,12.2140
2015-06-29,12.2740
2015-06-30,12.1450
2015-07-01,12.2530
2015-07-02,12.2700
2015-07-03,12.2700
2015-07-06,12.3985
2015-07-07,12.5090
2015-07-08,12.5225
2015-07-09,12.5190
2015-07-10,12.4630
2015-07-13,12.4460
2015-07-14,12.3375
2015-07-15,12.4355
2015-07-16,12.3735
2015-07-17,12.3370
2015-07-20,12.4350
2015-07-21,12.3355
2015-07-22,12.4045
2015-07-23,12.4245
2015-07-24,12.6140
2015-07-27,12.6095
2015-07-28,12.5660
2015-07-29,12.5105
2015-07-30,12.7405
2015-07-31,12.6200
2015-08-03,12.6870
2015-08-04,12.6550
2015-08-05,12.8100
2015-08-06,12.7405
2015-08-07,12.6275
2015-08-10,12.6735
2015-08-11,12.8030
2015-08-12,12.7600
2015-08-13,12.8205
2015-08-14,12.7980
2015-08-17,12.8765
2015-08-18,12.9260
2015-08-19,12.9460
2015-08-20,12.8615
2015-08-21,12.9250
2015-08-24,13.1690
2015-08-25,13.0460
2015-08-26,13.1250
2015-08-27,13.1120
2015-08-28,13.3185
2015-08-31,13.2455
2015-09-01,13.3980
2015-09-02,13.4790
2015-09-03,13.5250
2015-09-04,13.8300
2015-09-07,13.8300
2015-09-08,13.7440
2015-09-09,13.7220
2015-09-10,13.6425
2015-09-11,13.6175
2015-09-14,13.5195
2015-09-15,13.4655
2015-09-16,13.2715
2015-09-17,13.3755
2015-09-18,13.2760
2015-09-21,13.4800
2015-09-22,13.6945
2015-09-23,13.8285
2015-09-24,13.9340
2015-09-25,13.8645
2015-09-28,13.9730
2015-09-29,13.9580
2015-09-30,13.8155
2015-10-01,13.8700
2015-10-02,13.7865
2015-10-05,13.5725
2015-10-06,13.5185
2015-10-07,13.3970
2015-10-08,13.3730
2015-10-09,13.3155
2015-10-12,13.3155
2015-10-13,13.4370
2015-10-14,13.3305
2015-10-15,13.0785
2015-10-16,13.1080
2015-10-19,13.2755
2015-10-20,13.2565
2015-10-21,13.4925
2015-10-22,13.4225
2015-10-23,13.6550
2015-10-26,13.6025
2015-10-27,13.6605
2015-10-28,13.5495
2015-10-29,13.8335
2015-10-30,13.8135
2015-11-02,13.7865
2015-11-03,13.7950
2015-11-04,13.9655
2015-11-05,13.9005
2015-11-06,14.1860
2015-11-09,14.3050
2015-11-10,14.2645
2015-11-11,14.2645
2015-11-12,14.2725
2015-11-13,14.3825
2015-11-16,14.3860
2015-11-17,14.2860
2015-11-18,14.2005
2015-11-19,14.0085
2015-11-20,13.9355
2015-11-23,14.0830
2015-11-24,13.9835
2015-11-25,14.1440
2015-11-26,14.1440
2015-11-27,14.3880
2015-11-30,14.4800
2015-12-01,14.4325
2015-12-02,14.3750
2015-12-03,14.3700
2015-12-04,14.3255
2015-12-07,14.5425
2015-12-08,14.6000
2015-12-09,14.5775
2015-12-10,15.2519
2015-12-11,15.7510
2015-12-14,15.1465
2015-12-15,14.9815
2015-12-16,15.0725
2015-12-17,15.2060
2015-12-18,15.0435
2015-12-21,15.1045
2015-12-22,15.1855
2015-12-23,15.1845
2015-12-24,15.2740
2015-12-25,15.2740
2015-12-28,15.2935
2015-12-29,15.2885
2015-12-30,15.5795
2015-12-31,15.4660
2016-01-01,15.4660
2016-01-04,15.6150
2016-01-05,15.6260
2016-01-06,15.7855
2016-01-07,15.9740
2016-01-08,16.1800
2016-01-11,16.8025
2016-01-12,16.7125
2016-01-13,16.3905
2016-01-14,16.4305
2016-01-15,16.8125
2016-01-18,16.8125
2016-01-19,16.6930
2016-01-20,16.8845
2016-01-21,16.5125
2016-01-22,16.4625
2016-01-25,16.4510
2016-01-26,16.3535
2016-01-27,16.3355
2016-01-28,16.1995
2016-01-29,15.9535
2016-02-01,15.9480
2016-02-02,16.1835
2016-02-03,16.1400
2016-02-04,15.8305
2016-02-05,15.9785
2016-02-08,16.1400
2016-02-09,16.0532
2016-02-10,15.8555
2016-02-11,15.8200
2016-02-12,15.8250
2016-02-15,15.8250
2016-02-16,15.7050
2016-02-17,15.4700
2016-02-18,15.3700
2016-02-19,15.4095
2016-02-22,15.1830
2016-02-23,15.2050
2016-02-24,15.6445
2016-02-25,15.5805
2016-02-26,16.1550
2016-02-29,15.7465
2016-03-01,15.5465
2016-03-02,15.6055
2016-03-03,15.5825
2016-03-04,15.3095
2016-03-07,15.2830
2016-03-08,15.3825
2016-03-09,15.1450
2016-03-10,15.3835
2016-03-11,15.2005
2016-03-14,15.5555
2016-03-15,15.9450
2016-03-16,16.1400
2016-03-17,15.1610
2016-03-18,15.2560
2016-03-21,15.1560
2016-03-22,15.2190
2016-03-23,15.3215
2016-03-24,15.5225
2016-03-25,15.4675
2016-03-28,15.5755
2016-03-29,15.3655
2016-03-30,14.8870
2016-03-31,14.7100
2016-04-01,14.7350
2016-04-04,14.6805
2016-04-05,15.0700
2016-04-06,15.1100
2016-04-07,15.1465
2016-04-08,14.9605
2016-04-11,14.7055
2016-04-12,14.6855
2016-04-13,14.5800
2016-04-14,14.5225
2016-04-15,14.5785
2016-04-18,14.4810
2016-04-19,14.2855
2016-04-20,14.2150
2016-04-21,14.2800
2016-04-22,14.4025
2016-04-25,14.5175
2016-04-26,14.3605
2016-04-27,14.5055
2016-04-28,14.2645
2016-04-29,14.2355
2016-05-02,14.3255
2016-05-03,14.6085
2016-05-04,14.9215
2016-05-05,14.9290
2016-05-06,14.8850
2016-05-09,15.1840
2016-05-10,15.1305
2016-05-11,15.0265
2016-05-12,15.0600
2016-05-13,15.3505
2016-05-16,15.6075
2016-05-17,15.5215
2016-05-18,15.7430
2016-05-19,15.8805
2016-05-20,15.6690
2016-05-23,15.7625
2016-05-24,15.6150
2016-05-25,15.6900
2016-05-26,15.5650
2016-05-27,15.6500
2016-05-30,15.6500
2016-05-31,15.7150
2016-06-01,15.5975
2016-06-02,15.5910
2016-06-03,15.1010
2016-06-06,14.9605
2016-06-07,14.8760
2016-06-08,14.7125
2016-06-09,14.8345
2016-06-10,15.1055
2016-06-13,15.1535
2016-06-14,15.3035
2016-06-15,15.2525
2016-06-16,15.4485
2016-06-17,15.2170
2016-06-20,14.8215
2016-06-21,14.7555
2016-06-22,14.6300
2016-06-23,14.4260
2016-06-24,15.0000
2016-06-27,15.4900
2016-06-28,15.2180
2016-06-29,14.8310
2016-06-30,14.7755
2016-07-01,14.5755
2016-07-04,14.5755
2016-07-05,14.7865
2016-07-06,14.7775
2016-07-07,14.7000
2016-07-08,14.5750
2016-07-11,14.4360
2016-07-12,14.3310
2016-07-13,14.4240
2016-07-14,14.2320
2016-07-15,14.3530
2016-07-18,14.2585
2016-07-19,14.3320
2016-07-20,14.3380
2016-07-21,14.2245
2016-07-22,14.3460
2016-07-25,14.3700
2016-07-26,14.3635
2016-07-27,14.3505
2016-07-28,14.1990
2016-07-29,13.8875
2016-08-01,13.9005
2016-08-02,14.0125
2016-08-03,13.9645
2016-08-04,13.6800
2016-08-05,13.7970
2016-08-08,13.6275
2016-08-09,13.4205
2016-08-10,13.3105
2016-08-11,13.3210
2016-08-12,13.5175
2016-08-15,13.3105
2016-08-16,13.3060
2016-08-17,13.4905
2016-08-18,13.3500
2016-08-19,13.5065
2016-08-22,13.5705
2016-08-23,13.8000
2016-08-24,14.1900
2016-08-25,14.2320
2016-08-26,14.1205
2016-08-29,14.3925
2016-08-30,14.4850
2016-08-31,14.6985
2016-09-01,14.6845
2016-09-02,14.4705
2016-09-05,14.4705
2016-09-06,14.0630
2016-09-07,14.0500
2016-09-08,14.1130
2016-09-09,14.3910
2016-09-12,14.3900
2016-09-13,14.4735
2016-09-14,14.2550
2016-09-15,14.1875
2016-09-16,14.2265
2016-09-19,14.0050
2016-09-20,13.8550
2016-09-21,13.6800
2016-09-22,13.6075
2016-09-23,13.6900
2016-09-26,13.6750
2016-09-27,13.4800
2016-09-28,13.6825
2016-09-29,13.8550
2016-09-30,13.7200
2016-10-03,13.6450
2016-10-04,13.7300
2016-10-05,13.7150
2016-10-06,13.8550
2016-10-07,13.9325
2016-10-10,13.9325
2016-10-11,14.3600
2016-10-12,14.2550
2016-10-13,14.2225
2016-10-14,14.2475
2016-10-17,14.1450
2016-10-18,13.8900
2016-10-19,13.8600
2016-10-20,13.9125
2016-10-21,14.0275
2016-10-24,13.9175
2016-10-25,13.7750
2016-10-26,13.8775
2016-10-27,13.8600
2016-10-28,13.8325
2016-10-31,13.4850
2016-11-01,13.5750
2016-11-02,13.5100
2016-11-03,13.4750
2016-11-04,13.6100
2016-11-07,13.3425
2016-11-08,13.2725
2016-11-09,13.4750
2016-11-10,14.0425
2016-11-11,14.0425
2016-11-14,14.3700
2016-11-15,14.2000
2016-11-16,14.2950
2016-11-17,14.3050
2016-11-18,14.3800
2016-11-21,14.2675
2016-11-22,14.1325
2016-11-23,14.2025
2016-11-24,14.2025
2016-11-25,14.1050
2016-11-28,13.7325
2016-11-29,13.8800
2016-11-30,14.0775
2016-12-01,14.0750
2016-12-02,13.8825
2016-12-05,13.7725
2016-12-06,13.5975
2016-12-07,13.5200
2016-12-08,13.6500
2016-12-09,13.7650
2016-12-12,13.6450
2016-12-13,13.6375
2016-12-14,13.6725
2016-12-15,14.1025
2016-12-16,14.0750
2016-12-19,14.0925
2016-12-20,14.0150
2016-12-21,13.9385
2016-12-22,14.0305
2016-12-23,14.0081
2016-12-26,14.0081
2016-12-27,13.9325
2016-12-28,13.8575
2016-12-29,13.6225
2016-12-30,13.7000
2017-01-02,13.7000
2017-01-03,13.7800
2017-01-04,13.6275
2017-01-05,13.5575
2017-01-06,13.7150
2017-01-09,13.6325
2017-01-10,13.6725
2017-01-11,13.8375
2017-01-12,13.4675
2017-01-13,13.4425
2017-01-16,13.4425
2017-01-17,13.4950
2017-01-18,13.5050
2017-01-19,13.6000
2017-01-20,13.6000
2017-01-23,13.5000
2017-01-24,13.3375
2017-01-25,13.2625
2017-01-26,13.3825
2017-01-27,13.4900
2017-01-30,13.5350
2017-01-31,13.5075
2017-02-01,13.4250
2017-02-02,13.3675
2017-02-03,13.2300
2017-02-06,13.4000
2017-02-07,13.4175
2017-02-08,13.3875
2017-02-09,13.3925
2017-02-10,13.3800
2017-02-13,13.3125
2017-02-14,13.1625
2017-02-15,12.9625
2017-02-16,13.0500
2017-02-17,13.0975
2017-02-20,13.0975
2017-02-21,13.1200
2017-02-22,13.0650
2017-02-23,12.8975
2017-02-24,12.9275
2017-02-27,12.9250
2017-02-28,13.1000
2017-03-01,13.0325
2017-03-02,13.1000
2017-03-03,13.0900
2017-03-06,13.0000
2017-03-07,12.9550
2017-03-08,13.0975
2017-03-09,13.2900
2017-03-10,13.2150
2017-03-13,13.1125
2017-03-14,13.1400
2017-03-15,13.0275
2017-03-16,12.7375
2017-03-17,12.7425
2017-03-20,12.6300
2017-03-21,12.6150
2017-03-22,12.5600
2017-03-23,12.4950
2017-03-24,12.4300
2017-03-27,12.7425
2017-03-28,12.9000
2017-03-29,13.0250
2017-03-30,12.8075
2017-03-31,13.4225
2017-04-03,13.7050
2017-04-04,13.5375
2017-04-05,13.7525
2017-04-06,13.7700
2017-04-07,13.7700
2017-04-10,13.9025
2017-04-11,13.8275
2017-04-12,13.6225
2017-04-13,13.4225
2017-04-14,13.4150
2017-04-17,13.2950
2017-04-18,13.2850
2017-04-19,13.3025
2017-04-20,13.1875
2017-04-21,13.1575
2017-04-24,12.9850
2017-04-25,13.0875
2017-04-26,13.2825
2017-04-27,13.3725
2017-04-28,13.3350
2017-05-01,13.3750
2017-05-02,13.2850
2017-05-03,13.3525
2017-05-04,13.6150
2017-05-05,13.4775
2017-05-08,13.6000
2017-05-09,13.5900
2017-05-10,13.4500
2017-05-11,13.3300
2017-05-12,13.3750
2017-05-15,13.1600
2017-05-16,13.0925
2017-05-17,13.1675
2017-05-18,13.4100
2017-05-19,13.2225
2017-05-22,13.2175
2017-05-23,13.1050
2017-05-24,12.9525
2017-05-25,12.8750
2017-05-26,12.8700
2017-05-29,12.8700
2017-05-30,13.1125
2017-05-31,13.1725
2017-06-01,12.9775
2017-06-02,12.8000
2017-06-05,12.6850
2017-06-06,12.8325
2017-06-07,12.8275
2017-06-08,12.8975
2017-06-09,12.8525
2017-06-12,12.8300
2017-06-13,12.8000
2017-06-14,12.5925
2017-06-15,12.8725
2017-06-16,12.8150
2017-06-19,12.9550
2017-06-20,13.0650
2017-06-21,13.0425
2017-06-22,12.9800
2017-06-23,12.9175
2017-06-26,12.8500
2017-06-27,12.9600
2017-06-28,12.9550
2017-06-29,13.0325
2017-06-30,13.0925
2017-07-03,13.2225
2017-07-04,13.2225
2017-07-05,13.4000
2017-07-06,13.4500
2017-07-07,13.4250
2017-07-10,13.4300
2017-07-11,13.5950
2017-07-12,13.2350
2017-07-13,13.2525
2017-07-14,13.0275
2017-07-17,12.9100
2017-07-18,12.9050
2017-07-19,12.9200
2017-07-20,13.0050
2017-07-21,12.9425
2017-07-24,12.9650
2017-07-25,13.0250
2017-07-26,13.0275
2017-07-27,13.0250
2017-07-28,13.0225
2017-07-31,13.2225
2017-08-01,13.2150
2017-08-02,13.2100
2017-08-03,13.3925
2017-08-04,13.4600
2017-08-07,13.2700
2017-08-08,13.2000
2017-08-09,13.4550
2017-08-10,13.3550
2017-08-11,13.4700
2017-08-14,13.2975
2017-08-15,13.3075
2017-08-16,13.2100
2017-08-17,13.1825
2017-08-18,13.1525
2017-08-21,13.1550
2017-08-22,13.2100
2017-08-23,13.2075
2017-08-24,13.2000
2017-08-25,13.0325
2017-08-28,13.0425
2017-08-29,12.9450
2017-08-30,12.9800
2017-08-31,12.9925
2017-09-01,12.9250
2017-09-04,12.9250
2017-09-05,12.8950
2017-09-06,12.7625
2017-09-07,12.8550
2017-09-08,12.9200
2017-09-11,12.9525
2017-09-12,12.9975
2017-09-13,13.1550
2017-09-14,13.1600
2017-09-15,13.1600
2017-09-18,13.2875
2017-09-19,13.3325
2017-09-20,13.2325
2017-09-21,13.2575
2017-09-22,13.1900
2017-09-25,13.3500
2017-09-26,13.3875
2017-09-27,13.5375
2017-09-28,13.5275
2017-09-29,13.5100
2017-10-02,13.5900
2017-10-03,13.6600
2017-10-04,13.5900
2017-10-05,13.6325
2017-10-06,13.7300
2017-10-09,13.7300
2017-10-10,13.6425
2017-10-11,13.5550
2017-10-12,13.4575
2017-10-13,13.2600
2017-10-16,13.2775
2017-10-17,13.4250
2017-10-18,13.5675
2017-10-19,13.5375
2017-10-20,13.6750
2017-10-23,13.7350
2017-10-24,13.7350
2017-10-25,14.0700
2017-10-26,14.1725
2017-10-27,14.1725
2017-10-30,14.0300
2017-10-31,14.1325
2017-11-01,14.0800
2017-11-02,14.0175
2017-11-03,14.2150
2017-11-06,14.1525
2017-11-07,14.2350
2017-11-08,14.1205
2017-11-09,14.2525
2017-11-10,14.2525
2017-11-13,14.4925
2017-11-14,14.3875
2017-11-15,14.3950
2017-11-16,14.1850
2017-11-17,13.9700
2017-11-20,14.0450
2017-11-21,13.9650
2017-11-22,13.8725
2017-11-23,13.8725
2017-11-24,13.8575
2017-11-27,13.7375
2017-11-28,13.5950
2017-11-29,13.6375
2017-11-30,13.6425
2017-12-01,13.7225
2017-12-04,13.5725
2017-12-05,13.4700
2017-12-06,13.5300
2017-12-07,13.6375
2017-12-08,13.6575
2017-12-11,13.5675
2017-12-12,13.6950
2017-12-13,13.5250
2017-12-14,13.4775
2017-12-15,13.1850
2017-12-18,12.5950
2017-12-19,12.7250
2017-12-20,12.5875
2017-12-21,12.7300
2017-12-22,12.6050
2017-12-25,12.6050
2017-12-26,12.5050
2017-12-27,12.3000
2017-12-28,12.3725
2017-12-29,12.3750
2018-01-01,12.3750
2018-01-02,12.4400
2018-01-03,12.3400
2018-01-04,12.3100
2018-01-05,12.3400
2018-01-08,12.3850
2018-01-09,12.3800
2018-01-10,12.4950
2018-01-11,12.4550
2018-01-12,12.4200
2018-01-15,12.4200
2018-01-16,12.2650
2018-01-17,12.2775
2018-01-18,12.1175
2018-01-19,12.2150
2018-01-22,12.0900
2018-01-23,12.0800
2018-01-24,11.9275
2018-01-25,11.8525
2018-01-26,11.8850
2018-01-29,11.9700
2018-01-30,11.9625
2018-01-31,11.8900
2018-02-01,11.8400
2018-02-02,12.0400
2018-02-05,12.0300
2018-02-06,12.0050
2018-02-07,11.9650
2018-02-08,12.1325
2018-02-09,12.0525
2018-02-12,11.9100
2018-02-13,11.9400
2018-02-14,11.7425
2018-02-15,11.6600
2018-02-16,11.6125
2018-02-19,11.6125
2018-02-20,11.7250
2018-02-21,11.6325
2018-02-22,11.6700
2018-02-23,11.5500
2018-02-26,11.615
2018-02-27,11.7075
2018-02-28,11.78
2018-03-01,11.8825
2018-03-02,11.9575
2018-03-05,11.84
2018-03-06,11.77
2018-03-07,11.8725
2018-03-08,11.9075
2018-03-09,11.81
2018-03-12,11.8275
2018-03-13,11.7725
2018-03-14,11.775
2018-03-15,11.87
2018-03-16,11.9925
2018-03-19,12.0625
2018-03-20,11.9575
2018-03-21,11.9075
2018-03-22,11.88
2018-03-23,11.755
2018-03-26,11.665
2018-03-27,11.6275
2018-03-28,11.73
2018-03-29,11.85
2018-03-30,11.815
2018-04-02,11.8525
2018-04-03,11.82
2018-04-04,11.905
2018-04-05,11.9675
2018-04-06,12.05
2018-04-09,12.0775
2018-04-10,12.05
2018-04-11,11.985
2018-04-12,12.015
2018-04-13,12.085
2018-04-16,12.0575
2018-04-17,11.9775
2018-04-18,11.935
2018-04-19,11.98
2018-04-20,12.0875
2018-04-23,12.315
2018-04-24,12.3325
2018-04-25,12.4625
2018-04-26,12.44
2018-04-27,12.3675
2018-04-30,12.4775
2018-05-01,12.62
2018-05-02,12.6625
2018-05-03,12.675
2018-05-04,12.52
2018-05-07,12.5325
2018-05-08,12.6275
2018-05-09,12.59
2018-05-10,12.3375
2018-05-11,12.275
2018-05-14,12.265
2018-05-15,12.545
2018-05-16,12.4375
2018-05-17,12.58
2018-05-18,12.72
2018-05-21,12.7
2018-05-22,12.525
2018-05-23,12.535
2018-05-24,12.4375
2018-05-25,12.4575
2018-05-28,12.4575
2018-05-29,12.6275
2018-05-30,12.515
2018-05-31,12.6825
2018-06-01,12.64
2018-06-04,12.5675
2018-06-05,12.7625
2018-06-06,12.7
2018-06-07,12.945
2018-06-08,13.095
2018-06-11,13.1169
2018-06-12,13.2405
2018-06-13,13.2424
2018-06-14,13.3075
2018-06-15,13.375
2018-06-18,13.705
2018-06-19,13.705
2018-06-20,13.6
2018-06-21,13.645
2018-06-22,13.43
2018-06-25,13.6025
2018-06-26,13.5325
2018-06-27,13.84
2018-06-28,13.825
2018-06-29,13.7125
2018-07-02,13.8925
2018-07-03,13.6875
2018-07-04,13.6875
2018-07-05,13.57
2018-07-06,13.49
2018-07-09,13.38
2018-07-10,13.3375
2018-07-11,13.4925
2018-07-12,13.23
2018-07-13,13.2825
2018-07-16,13.22
2018-07-17,13.235
2018-07-18,13.2575
2018-07-19,13.53
2018-07-20,13.43
2018-07-23,13.515
2018-07-24,13.3225
2018-07-25,13.175
2018-07-26,13.245
2018-07-27,13.1775
2018-07-30,13.1425
2018-07-31,13.095
2018-08-01,13.2225
2018-08-02,13.3875
2018-08-03,13.285
2018-08-06,13.3925
2018-08-07,13.305
2018-08-08,13.405
2018-08-09,13.6625
2018-08-10,14.065
2018-08-13,14.3675
2018-08-14,14.2525
2018-08-15,14.61
2018-08-16,14.575
2018-08-17,14.7775
2018-08-20,14.6125
2018-08-21,14.3425
2018-08-22,14.1825
2018-08-23,14.315
2018-08-24,14.2825
2018-08-27,14.135
2018-08-28,14.12
2018-08-29,14.3425
2018-08-30,14.7675
2018-08-31,14.7
2018-09-03,14.7
2018-09-04,15.305
2018-09-05,15.4725
2018-09-06,15.3
2018-09-07,15.1425
2018-09-10,15.2
2018-09-11,15.125
2018-09-12,14.97
2018-09-13,14.815
2018-09-14,14.9175
2018-09-17,14.91
2018-09-18,14.8275
2018-09-19,14.6225
2018-09-20,14.3725
2018-09-21,14.3
2018-09-24,14.2425
2018-09-25,14.375
2018-09-26,14.16
2018-09-27,14.045
2018-09-28,14.155
2018-10-01,14.2
2018-10-02,14.33
2018-10-03,14.45
2018-10-04,14.7875
2018-10-05,14.845
2018-10-08,14.845
2018-10-09,14.6625
2018-10-10,14.62
2018-10-11,14.63
2018-10-12,14.585
2018-10-15,14.3625
2018-10-16,14.175
2018-10-17,14.14
2018-10-18,14.3875
2018-10-19,14.4025
2018-10-22,14.2825
2018-10-23,14.3675
2018-10-24,14.49
2018-10-25,14.5275
2018-10-26,14.5625
2018-10-29,14.5225
2018-10-30,14.6225
2018-10-31,14.76
2018-11-01,14.505
2018-11-02,14.38
2018-11-05,14.2225
2018-11-06,14.165
2018-11-07,13.9275
2018-11-08,14.075
2018-11-09,14.35
2018-11-12,14.35
2018-11-13,14.4425
2018-11-14,14.3575
2018-11-15,14.225
2018-11-16,14.03
2018-11-19,14.0375
2018-11-20,14.09
2018-11-21,13.8675
2018-11-22,13.8675
2018-11-23,13.85
2018-11-26,13.88
2018-11-27,13.9775
2018-11-28,13.935
2018-11-29,13.645
2018-11-30,13.84
2018-12-03,13.6725
2018-12-04,13.745
2018-12-05,13.745
2018-12-06,14.125
2018-12-07,14.1575
2018-12-10,14.4358
2018-12-11,14.3525
2018-12-12,14.1875
2018-12-13,14.185
2018-12-14,14.38
2018-12-17,14.3875
2018-12-18,14.3
2018-12-19,14.135
2018-12-20,14.38
2018-12-21,14.46
2018-12-24,14.46
2018-12-25,14.46
2018-12-26,14.51
2018-12-27,14.49
2018-12-28,14.3525
2018-12-31,14.3775
2019-01-01,14.3775
2019-01-02,14.41
2019-01-03,14.3125
2019-01-04,13.9625
2019-01-07,13.8775
2019-01-08,13.94
2019-01-09,13.8825
2019-01-10,13.85
2019-01-11,13.8425
2019-01-14,13.8425
2019-01-15,13.7825
2019-01-16,13.6825
2019-01-17,13.77
2019-01-18,13.8275
2019-01-21,13.8275
2019-01-22,13.935
2019-01-23,13.845
2019-01-24,13.705
2019-01-25,13.615
2019-01-28,13.705
2019-01-29,13.5875
2019-01-30,13.58
2019-01-31,13.285
2019-02-01,13.3125
2019-02-04,13.3975
2019-02-05,13.39
2019-02-06,13.5125
2019-02-07,13.665
2019-02-08,13.6475
2019-02-11,13.825
2019-02-12,13.785
2019-02-13,13.965
2019-02-14,14.24
2019-02-15,14.1225
2019-02-18,14.1225
2019-02-19,14.12
2019-02-20,14.12
2019-02-21,14.0125
2019-02-22,13.975
2019-02-25,13.8075
2019-02-26,13.885
2019-02-27,13.9125
2019-02-28,14.075
2019-03-01,14.1975
2019-03-04,14.2425
2019-03-05,14.1775
2019-03-06,14.235
2019-03-07,14.5
2019-03-08,14.405
2019-03-11,14.36
2019-03-12,14.3225
2019-03-13,14.4075
2019-03-14,14.4875
2019-03-15,14.3975
2019-03-18,14.4325
2019-03-19,14.435
2019-03-20,14.3725
2019-03-21,14.235
2019-03-22,14.485
2019-03-25,14.3175
2019-03-26,14.4275
2019-03-27,14.6175
2019-03-28,14.62
2019-03-29,14.4275
2019-04-01,14.1675
2019-04-02,14.2525
2019-04-03,14.1375
2019-04-04,14.1275
2019-04-05,14.0625
2019-04-08,14.12
2019-04-09,14.05
2019-04-10,13.905
2019-04-11,14.005
2019-04-12,13.935
2019-04-15,14.015
2019-04-16,14.055
2019-04-17,14.005
2019-04-18,14.0375
2019-04-19,14.0725
2019-04-22,14.16
2019-04-23,14.305
2019-04-24,14.405
2019-04-25,14.4275
2019-04-26,14.3225
2019-04-29,14.3075
2019-04-30,14.325
2019-05-01,14.365
2019-05-02,14.5375
2019-05-03,14.37
2019-05-06,14.4825
2019-05-07,14.44
2019-05-08,14.3375
2019-05-09,14.39
2019-05-10,14.1825
2019-05-13,14.35
2019-05-14,14.2275
2019-05-15,14.1975
2019-05-16,14.2125
2019-05-17,14.4275
2019-05-20,14.375
2019-05-21,14.3875
2019-05-22,14.385
2019-05-23,14.4475
2019-05-24,14.4275
2019-05-27,14.4275
2019-05-28,14.73
2019-05-29,14.73
2019-05-30,14.7
2019-05-31,14.585
2019-06-03,14.49
2019-06-04,14.7125
2019-06-05,14.8925
2019-06-06,14.98
2019-06-07,14.985
2019-06-10,14.785
2019-06-11,14.68
2019-06-12,14.8425
2019-06-13,14.8975
2019-06-14,14.795
2019-06-17,14.7975
2019-06-18,14.5025
2019-06-19,14.4825
2019-06-20,14.335
2019-06-21,14.34
2019-06-24,14.3775
2019-06-25,14.2925
2019-06-26,14.22
2019-06-27,14.1525
2019-06-28,14.14
2019-07-01,14.1375
2019-07-02,14.075
2019-07-03,14.0925
2019-07-04,14.0925
2019-07-05,14.1875
2019-07-08,14.125
2019-07-09,14.135
2019-07-10,14.04
2019-07-11,13.92
2019-07-12,13.985
2019-07-15,13.9125
2019-07-16,13.935
2019-07-17,13.95
2019-07-18,13.8775
2019-07-19,13.91
2019-07-22,13.865
2019-07-23,13.88
2019-07-24,13.8575
2019-07-25,14.0775
2019-07-26,14.2675
2019-07-29,14.1975
2019-07-30,14.2025
2019-07-31,14.1525
2019-08-01,14.5175
2019-08-02,14.6825
2019-08-05,14.8625
2019-08-06,14.9125
2019-08-07,15.0675
2019-08-08,15.025
2019-08-09,15.2525
2019-08-12,15.3
2019-08-13,15.1225
2019-08-14,15.4025
2019-08-15,15.24
2019-08-16,15.215
2019-08-19,15.415
2019-08-20,15.365
2019-08-21,15.2025
2019-08-22,15.205
2019-08-23,15.25
2019-08-26,15.2525
2019-08-27,15.3275
2019-08-28,15.3425
2019-08-29,15.2875
2019-08-30,15.1925
2019-09-02,15.1925
2019-09-03,15.1275
2019-09-04,14.8025
2019-09-05,14.8475
2019-09-06,14.7525
2019-09-09,14.76
2019-09-10,14.6625
2019-09-11,14.74
2019-09-12,14.5925
2019-09-13,14.53
2019-09-16,14.6225
2019-09-17,14.75
2019-09-18,14.6275
2019-09-19,14.7175
2019-09-20,14.9275
2019-09-23,14.865
2019-09-24,14.915
2019-09-25,14.9975
2019-09-26,14.9925
2019-09-27,15.1375
2019-09-30,15.1575
2019-10-01,15.3525
2019-10-02,15.2075
2019-10-03,15.1375
2019-10-04,15.05
2019-10-07,15.14
2019-10-08,15.2675
2019-10-09,15.18
2019-10-10,15.0175
2019-10-11,14.7725
2019-10-14,14.7725
2019-10-15,14.862
2019-10-16,14.911
2019-10-17,14.792
2019-10-18,14.777
2019-10-21,14.775
2019-10-22,14.607
2019-10-23,14.637
2019-10-24,14.653
2019-10-25,14.6
2019-10-28,14.552
2019-10-29,14.593
2019-10-30,14.976
2019-10-31,15.064
2019-11-01,15.035
2019-11-04,14.751
2019-11-05,14.779
2019-11-06,14.841
2019-11-07,14.742
2019-11-08,14.798
2019-11-11,14.798
2019-11-12,14.925
2019-11-13,14.911
2019-11-14,14.828
2019-11-15,14.695
2019-11-18,14.782
2019-11-19,14.755
2019-11-20,14.772
2019-11-21,14.699
2019-11-22,14.725
2019-11-25,14.774
2019-11-26,14.792
2019-11-27,14.736
2019-11-28,14.736
2019-11-29,14.636
2019-12-02,14.564
2019-12-03,14.653
2019-12-04,14.598
2019-12-05,14.671
2019-12-06,14.633
2019-12-09,14.67
2019-12-10,14.829
2019-12-11,14.718
2019-12-12,14.533
2019-12-13,14.515
2019-12-16,14.396
2019-12-17,14.406
2019-12-18,14.302
2019-12-19,14.215
2019-12-20,14.232
2019-12-23,14.187
2019-12-24,14.143
2019-12-25,14.143
2019-12-26,14.132
2019-12-27,14.025
2019-12-30,14.056
2019-12-31,13.973
2020-01-01,13.973
2020-01-02,14.122
2020-01-03,14.243
2020-01-06,14.206
2020-01-07,14.301
2020-01-08,14.156
2020-01-09,14.2
2020-01-10,14.255
2020-01-13,14.422
2020-01-14,14.397
2020-01-15,14.367
2020-01-16,14.377
2020-01-17,14.467
2020-01-20,14.467
2020-01-21,14.468
2020-01-22,14.338
2020-01-23,14.418
2020-01-24,14.425
2020-01-27,14.608
2020-01-28,14.566
2020-01-29,14.625
2020-01-30,14.7879
2020-01-31,14.936
2020-02-03,14.91
2020-02-04,14.747
2020-02-05,14.798
2020-02-06,14.901
2020-02-07,15.062
2020-02-10,15.019
2020-02-11,14.851
2020-02-12,14.818
2020-02-13,14.887
2020-02-14,14.9
2020-02-17,14.9
2020-02-18,14.975
2020-02-19,14.98
2020-02-20,15.118
2020-02-21,14.966
2020-02-24,15.128
2020-02-25,15.2
2020-02-26,15.176
2020-02-27,15.392
2020-02-28,15.636
2020-03-02,15.537
2020-03-03,15.293
2020-03-04,15.348
2020-03-05,15.578
2020-03-06,15.635
2020-03-09,15.933
2020-03-10,16.103
2020-03-11,16.1516
2020-03-12,16.531
2020-03-13,16.324
2020-03-16,16.533
2020-03-17,16.585
2020-03-18,17.096
2020-03-19,17.3721
2020-03-20,17.5
2020-03-23,17.755
2020-03-24,17.655
2020-03-25,17.4
2020-03-26,17.2768
2020-03-27,17.555
2020-03-30,17.945
2020-03-31,17.7682
2020-04-01,18.145
2020-04-02,18.5312
2020-04-03,18.985
2020-04-06,18.674
2020-04-07,18.222
2020-04-08,18.2108
2020-04-09,17.903
2020-04-10,18.0158
2020-04-13,18.14
2020-04-14,18.357
2020-04-15,18.732
2020-04-16,18.668
2020-04-17,18.85
2020-04-20,18.806
2020-04-21,18.965
2020-04-22,19.007
2020-04-23,19.04
2020-04-24,18.972
2020-04-27,18.851
2020-04-28,18.658
2020-04-29,18.251
2020-04-30,18.448
2020-05-01,18.85
2020-05-04,18.704
2020-05-05,18.388
2020-05-06,18.77
2020-05-07,18.521
2020-05-08,18.36
2020-05-11,18.389
2020-05-12,18.278
2020-05-13,18.521
2020-05-14,18.564
2020-05-15,18.54
2020-05-18,18.383
2020-05-19,18.265
2020-05-20,17.9599
2020-05-21,17.653
2020-05-22,17.701
2020-05-25,17.701
2020-05-26,17.404
2020-05-27,17.418
2020-05-28,17.413
2020-05-29,17.596
2020-06-01,17.4
2020-06-02,17.195
2020-06-03,16.89
2020-06-04,16.931
2020-06-05,16.836
2020-06-08,16.79
2020-06-09,16.681
2020-06-10,16.556
2020-06-11,17.0834
2020-06-12,17.011
2020-06-15,17.265
2020-06-16,17.1525
2020-06-17,17.22
2020-06-18,17.485
2020-06-19,17.3375
2020-06-22,17.335
2020-06-23,17.2275
2020-06-24,17.405
2020-06-25,17.2375
2020-06-26,17.2625
2020-06-29,17.3
2020-06-30,17.3525
2020-07-01,17.08
2020-07-02,16.9675
2020-07-03,16.9675
2020-07-06,16.975
2020-07-07,17.0775
2020-07-08,16.975
2020-07-09,16.9125
2020-07-10,16.7475
2020-07-13,16.69
2020-07-14,16.75
2020-07-15,16.585
2020-07-16,16.64
2020-07-17,16.6575
2020-07-20,16.67
2020-07-21,16.46
2020-07-22,16.455
2020-07-23,16.5475
2020-07-24,16.6925
2020-07-27,16.4175
2020-07-28,16.5425
2020-07-29,16.5
2020-07-30,16.9125
2020-07-31,17.005
2020-08-03,17.1925
2020-08-04,17.3775
2020-08-05,17.3175
2020-08-06,17.4575
2020-08-07,17.6325
2020-08-10,17.685
2020-08-11,17.535
2020-08-12,17.3975
2020-08-13,17.4175
2020-08-14,17.3475
2020-08-17,17.46
2020-08-18,17.3525
2020-08-19,17.18
2020-08-20,17.275
2020-08-21,17.1275
2020-08-24,16.93
2020-08-25,16.8625
2020-08-26,16.9675
2020-08-27,17.0025
2020-08-28,16.59
2020-08-31,16.915
2020-09-01,16.63
2020-09-02,16.8325
2020-09-03,16.7775
2020-09-04,16.6025
2020-09-07,16.6025
2020-09-08,16.9525
2020-09-09,16.64
2020-09-10,16.87
2020-09-11,16.74
2020-09-14,16.6775
2020-09-15,16.42
2020-09-16,16.305
2020-09-17,16.245
2020-09-18,16.2225
2020-09-21,16.8625
2020-09-22,16.7525
2020-09-23,17.0
2020-09-24,16.96
2020-09-25,17.1875
2020-09-28,17.095
2020-09-29,16.9475
2020-09-30,16.6925
2020-10-01,16.65
2020-10-02,16.4725
2020-10-05,16.5825
2020-10-06,16.575
2020-10-07,16.7075
2020-10-08,16.5875
2020-10-09,16.4075
2020-10-12,16.4075
2020-10-13,16.49
2020-10-14,16.5125
2020-10-15,16.6775
2020-10-16,16.5375
2020-10-19,16.465
2020-10-20,16.4525
2020-10-21,16.2875
2020-10-22,16.22
2020-10-23,16.2
2020-10-26,16.1725
2020-10-27,16.1
2020-10-28,16.33
2020-10-29,16.4175
2020-10-30,16.25
2020-11-02,16.225
2020-11-03,16.025
2020-11-04,15.855
2020-11-05,15.8
2020-11-06,15.6525
2020-11-09,15.3975
2020-11-10,15.625
2020-11-11,15.625
2020-11-12,15.5725
2020-11-13,15.555
2020-11-16,15.3175
2020-11-17,15.415
2020-11-18,15.425
2020-11-19,15.455
2020-11-20,15.2925
2020-11-23,15.42
2020-11-24,15.2175
2020-11-25,15.2175
2020-11-26,15.2175
2020-11-27,15.2175
2020-11-30,15.4325
2020-12-01,15.27
2020-12-02,15.325
2020-12-03,15.1675
2020-12-04,15.17
2020-12-07,15.125
2020-12-08,15.0275
2020-12-09,14.95
2020-12-10,15.04
2020-12-11,15.1275
2020-12-14,15.045
2020-12-15,14.885
2020-12-16,14.8375
2020-12-17,14.665
2020-12-18,14.53
2020-12-21,14.5675
2020-12-22,14.6525
2020-12-23,14.5775
2020-12-24,14.5775
2020-12-25,14.5775
2020-12-28,14.62
2020-12-29,14.68
2020-12-30,14.605
2020-12-31,14.65
2021-01-01,14.65
2021-01-04,14.74
2021-01-05,15.0
2021-01-06,15.11
2021-01-07,15.4075
2021-01-08,15.24
2021-01-11,15.4863
2021-01-12,15.3425
2021-01-13,15.245
2021-01-14,15.1
2021-01-15,15.165
2021-01-18,15.165
2021-01-19,14.945
2021-01-20,14.945
2021-01-21,14.8925
2021-01-22,15.0625
2021-01-25,15.215
2021-01-26,15.105
2021-01-27,15.205
2021-01-28,15.0825
2021-01-29,15.1375
2021-02-01,15.03
2021-02-02,14.97
2021-02-03,14.93
2021-02-04,15.05
2021-02-05,14.8825
2021-02-08,14.8675
2021-02-09,14.76
2021-02-10,14.72
2021-02-11,14.63
2021-02-12,14.52
2021-02-15,14.52
2021-02-16,14.6575
2021-02-17,14.68
2021-02-18,14.63
2021-02-19,14.625
2021-02-22,14.7
2021-02-23,14.5725
2021-02-24,14.5425
2021-02-25,14.8775
2021-02-26,15.1575
2021-03-01,14.9475
2021-03-02,14.95
2021-03-03,15.0
2021-03-04,15.0925
2021-03-05,15.4
2021-03-08,15.535
2021-03-09,15.3675
2021-03-10,15.105
2021-03-11,14.8425
2021-03-12,14.915
2021-03-15,14.94
2021-03-16,14.86
2021-03-17,14.885
2021-03-18,14.7625
2021-03-19,14.725
2021-03-22,14.7
2021-03-23,14.7225
2021-03-24,14.8675
2021-03-25,15.045
2021-03-26,14.995
2021-03-29,14.8825
2021-03-30,14.91
2021-03-31,14.7475
2021-04-01,14.645
2021-04-02,14.6457
2021-04-05,14.5325
2021-04-06,14.525
2021-04-07,14.5275
2021-04-08,14.51
2021-04-09,14.585
2021-04-12,14.575
2021-04-13,14.5225
2021-04-14,14.39
2021-04-15,14.165
2021-04-16,14.31
2021-04-19,14.2375
2021-04-20,14.2725
2021-04-21,14.235
2021-04-22,14.2925
2021-04-23,14.275
2021-04-26,14.25
2021-04-27,14.355
2021-04-28,14.265
2021-04-29,14.31
2021-04-30,14.49
2021-05-03,14.3875
2021-05-04,14.485
2021-05-05,14.3625
2021-05-06,14.2225
2021-05-07,14.055
2021-05-10,13.9975
2021-05-11,13.9775
2021-05-12,14.07
2021-05-13,14.1075
2021-05-14,14.1125
2021-05-17,14.105
2021-05-18,14.01
2021-05-19,14.015
2021-05-20,13.97
2021-05-21,13.9425
2021-05-24,13.92
2021-05-25,13.8525
2021-05-26,13.76
2021-05-27,13.785
2021-05-28,13.7475
2021-05-31,13.7475
2021-06-01,13.755
2021-06-02,13.56
2021-06-03,13.6425
2021-06-04,13.45
2021-06-07,13.5
2021-06-08,13.5725
2021-06-09,13.67
2021-06-10,13.6
2021-06-11,13.7275
2021-06-14,13.7475
2021-06-15,13.835
2021-06-16,13.695
2021-06-17,14.1125
2021-06-18,14.295
2021-06-21,14.2425
2021-06-22,14.3325
2021-06-23,14.1775
2021-06-24,14.255
2021-06-25,14.0975
2021-06-28,14.205
2021-06-29,14.325
2021-06-30,14.29
2021-07-01,14.4375
2021-07-02,14.2625
2021-07-05,14.2625
2021-07-06,14.3675
2021-07-07,14.3425
2021-07-08,14.2875
2021-07-09,14.2575
2021-07-12,14.4
2021-07-13,14.605
2021-07-14,14.5525
2021-07-15,14.5475
2021-07-16,14.4
2021-07-19,14.5125
2021-07-20,14.6275
2021-07-21,14.575
2021-07-22,14.7275
2021-07-23,14.8175
2021-07-26,14.785
2021-07-27,14.805
2021-07-28,14.815
2021-07-29,14.55
2021-07-30,14.585
2021-08-02,14.4025
2021-08-03,14.305
2021-08-04,14.3875
2021-08-05,14.36
2021-08-06,14.625
2021-08-09,14.735
2021-08-10,14.7975
2021-08-11,14.6575
2021-08-12,14.775
2021-08-13,14.72
2021-08-16,14.7825
2021-08-17,14.87
2021-08-18,14.9325
2021-08-19,15.135
2021-08-20,15.3325
2021-08-23,15.1875
2021-08-24,15.0325
2021-08-25,14.965
2021-08-26,14.9
2021-08-27,14.7225
2021-08-30,14.6375
2021-08-31,14.5075
2021-09-01,14.385
2021-09-02,14.4625
2021-09-03,14.275
2021-09-06,14.275
2021-09-07,14.31
2021-09-08,14.245
2021-09-09,14.13
2021-09-10,14.175
2021-09-13,14.1325
2021-09-14,14.27
2021-09-15,14.465
2021-09-16,14.5825
2021-09-17,14.7375
2021-09-20,14.795
2021-09-21,14.8225
2021-09-22,14.715
2021-09-23,14.745
2021-09-24,14.9425
2021-09-27,14.9275
2021-09-28,15.095
2021-09-29,15.16
2021-09-30,15.045
2021-10-01,14.865
2021-10-04,15.0025
2021-10-05,14.975
2021-10-06,15.055
2021-10-07,14.87
2021-10-08,14.935
2021-10-11,14.935
2021-10-12,14.9475
2021-10-13,14.805
2021-10-14,14.7825
2021-10-15,14.64
2021-10-18,14.665
2021-10-19,14.52
2021-10-20,14.4325
2021-10-21,14.58
2021-10-22,14.805
2021-10-25,14.7075
2021-10-26,14.855
2021-10-27,15.0375
2021-10-28,15.1075
2021-10-29,15.2575
2021-11-01,15.3875
2021-11-02,15.4175
2021-11-03,15.4375
2021-11-04,15.2
2021-11-05,15.0975
2021-11-08,14.905
2021-11-09,15.06
2021-11-10,15.325
2021-11-11,15.325
2021-11-12,15.295
2021-11-15,15.24
2021-11-16,15.525
2021-11-17,15.4975
2021-11-18,15.6225
2021-11-19,15.7075
2021-11-22,15.7775
2021-11-23,15.83
2021-11-24,15.8875
2021-11-25,15.8875
2021-11-26,16.225
2021-11-29,16.1925
2021-11-30,15.995
2021-12-01,15.905
2021-12-02,15.905
2021-12-03,16.1225
2021-12-06,15.905
2021-12-07,15.895
2021-12-08,15.705
2021-12-09,15.955
2021-12-10,15.98
2021-12-13,16.0
2021-12-14,16.13
2021-12-15,16.1864
2021-12-16,15.9625
2021-12-17,15.8475
2021-12-20,15.77
2021-12-21,15.87
2021-12-22,15.815
2021-12-23,15.6275
2021-12-24,15.6275
2021-12-27,15.5225
2021-12-28,15.73
2021-12-29,15.96
2021-12-30,15.93
2021-12-31,15.93
2022-01-03,15.8325
2022-01-04,16.0
2022-01-05,15.765
2022-01-06,15.7075
2022-01-07,15.57
2022-01-10,15.7
2022-01-11,15.5125
2022-01-12,15.3325
2022-01-13,15.3775
2022-01-14,15.38
2022-01-17,15.38
2022-01-18,15.4675
2022-01-19,15.29
2022-01-20,15.105
2022-01-21,15.07
2022-01-24,15.35
2022-01-25,15.2775
2022-01-26,15.1925
2022-01-27,15.46
2022-01-28,15.6275
2022-01-31,15.3975
2022-02-01,15.28
2022-02-02,15.385
2022-02-03,15.28
2022-02-04,15.47
2022-02-07,15.5125
2022-02-08,15.35
2022-02-09,15.2325
2022-02-10,15.0275
2022-02-11,15.0825
2022-02-14,15.1075
2022-02-15,15.075
2022-02-16,15.06
2022-02-17,14.97
2022-02-18,15.1175
2022-02-21,15.1175
2022-02-22,15.045
2022-02-23,15.0975
2022-02-24,15.43
2022-02-25,15.2025
2022-02-28,15.3975
2022-03-01,15.415
2022-03-02,15.29
2022-03-03,15.215
2022-03-04,15.4
2022-03-07,15.3525
2022-03-08,15.3025
2022-03-09,14.9975
2022-03-10,15.04
2022-03-11,15.06
2022-03-14,15.06
2022-03-15,15.1025
2022-03-16,15.01
2022-03-17,14.875
2022-03-18,14.995
2022-03-21,14.8975
2022-03-22,14.845
2022-03-23,14.7525
2022-03-24,14.5375
2022-03-25,14.58
2022-03-28,14.7
2022-03-29,14.555
2022-03-30,14.4775
2022-03-31,14.615
2022-04-01,14.6575
2022-04-04,14.575
2022-04-05,14.6475
2022-04-06,14.6425
2022-04-07,14.7975
2022-04-08,14.6475
2022-04-11,14.6025
2022-04-12,14.49
2022-04-13,14.535
2022-04-14,14.6525
2022-04-15,14.615
2022-04-18,14.6975
2022-04-19,14.935
2022-04-20,15.0575
2022-04-21,15.39
2022-04-22,15.575
2022-04-25,15.755
2022-04-26,15.83
2022-04-27,15.95
2022-04-28,16.0625
2022-04-29,15.7675
2022-05-02,16.025
2022-05-03,15.8075
2022-05-04,15.7875
2022-05-05,16.04
2022-05-06,15.9925
2022-05-09,16.1625
2022-05-10,16.17
2022-05-11,16.0475
2022-05-12,16.1325
2022-05-13,16.1575
2022-05-16,16.19
2022-05-17,15.9275
2022-05-18,15.985
2022-05-19,15.835
2022-05-20,15.8475
2022-05-23,15.7325
2022-05-24,15.66
2022-05-25,15.7275
2022-05-26,15.7575
2022-05-27,15.5875
2022-05-30,15.5875
2022-05-31,15.5925
2022-06-01,15.62
2022-06-02,15.4775
2022-06-03,15.56
2022-06-06,15.41
2022-06-07,15.3525
2022-06-08,15.2625
2022-06-09,15.41
2022-06-10,15.8334
2022-06-13,16.065
2022-06-14,16.05
2022-06-15,16.0225
2022-06-16,16.0225
2022-06-17,16.0325
2022-06-20,16.0325
2022-06-21,15.8625
2022-06-22,15.8925
2022-06-23,15.9722
2022-06-24,15.8291
2022-06-27,15.8375
2022-06-28,16.015
2022-06-29,16.265
2022-06-30,16.31
2022-07-01,16.4075
2022-07-04,16.4075
2022-07-05,16.5575
2022-07-06,16.82
2022-07-07,16.7475
2022-07-08,16.855
2022-07-11,17.0175
2022-07-12,16.9625
2022-07-13,16.9125
2022-07-14,17.145
2022-07-15,17.0825
2022-07-18,17.0725
2022-07-19,17.0533
2022-07-20,17.1025
2022-07-21,17.0675
2022-07-22,16.83
2022-07-25,16.7925
2022-07-26,16.9525
2022-07-27,16.82
2022-07-28,16.555
2022-07-29,16.6175
2022-08-01,16.4525
2022-08-02,16.6575
2022-08-03,16.7825
2022-08-04,16.675
2022-08-05,16.7925
2022-08-08,16.6361
2022-08-09,16.5875
2022-08-10,16.1725
2022-08-11,16.2146
2022-08-12,16.2325
2022-08-15,16.395
2022-08-16,16.4025
2022-08-17,16.67
2022-08-18,16.84
2022-08-19,17.0175
2022-08-22,17.0075
2022-08-23,16.9525
2022-08-24,16.9225
2022-08-25,16.7825
2022-08-26,16.805
2022-08-29,16.825
2022-08-30,16.9475
2022-08-31,17.035
2022-09-01,17.2825
2022-09-02,17.2125
2022-09-05,17.2125
2022-09-06,17.2575
2022-09-07,17.33
2022-09-08,17.4825
2022-09-09,17.2625
2022-09-12,17.12
2022-09-13,17.3875
2022-09-14,17.4525
2022-09-15,17.555
2022-09-16,17.6525
2022-09-19,17.7175
2022-09-20,17.6975
2022-09-21,17.6933
2022-09-22,17.581
2022-09-23,17.9175
2022-09-26,18.0827
2022-09-27,17.9675
2022-09-28,17.8625
2022-09-29,17.975
2022-09-30,18.075
2022-10-03,17.875
2022-10-04,17.62
2022-10-05,17.8225
2022-10-06,17.9325
2022-10-07,18.08
2022-10-10,18.08
2022-10-11,18.025
2022-10-12,18.28
2022-10-13,18.2575
2022-10-14,18.295
2022-10-17,18.0
2022-10-18,18.1575
2022-10-19,18.28
2022-10-20,18.2075
2022-10-21,18.12
2022-10-24,18.3975
2022-10-25,18.2025
2022-10-26,17.949
2022-10-27,17.9075
2022-10-28,18.1761
2022-10-31,18.3775
2022-11-01,18.2425
2022-11-02,18.19
2022-11-03,18.405
2022-11-04,17.985
2022-11-07,17.745
2022-11-08,17.6525
2022-11-09,17.715
2022-11-10,17.4325
2022-11-11,17.4325
2022-11-14,17.3425
2022-11-15,17.2548
2022-11-16,17.2425
2022-11-17,17.3975
2022-11-18,17.23
2022-11-21,17.33
2022-11-22,17.2675
2022-11-23,17.0225
2022-11-24,17.0225
2022-11-25,17.105
2022-11-28,17.1075
2022-11-29,16.985
2022-11-30,16.955
2022-12-01,17.6389
2022-12-02,17.4425
2022-12-05,17.4672
2022-12-06,17.34
2022-12-07,17.1575
2022-12-08,17.1444
2022-12-09,17.34
2022-12-12,17.5725
2022-12-13,17.255
2022-12-14,17.1625
2022-12-15,17.4775
2022-12-16,17.6775
2022-12-19,17.2925
2022-12-20,17.32
2022-12-21,17.175
2022-12-22,17.1425
2022-12-23,16.9725
2022-12-26,16.9725
2022-12-27,17.303
2022-12-28,17.115
2022-12-29,16.89
2022-12-30,16.995
