,date,Solar_Radiation_Flux
0,2015-01-01,5069.087222222222
1,2015-01-02,5544.238888888889
2,2015-01-03,4807.0361111111115
3,2015-01-04,5412.287777777778
4,2015-01-05,5374.035
5,2015-01-06,5044.174444444445
6,2015-01-07,5605.205555555555
7,2015-01-08,5832.344444444445
8,2015-01-09,6110.086666666667
9,2015-01-10,6223.749444444445
10,2015-01-11,6112.089444444445
11,2015-01-12,6095.441111111111
12,2015-01-13,6219.072222222222
13,2015-01-14,5920.465
14,2015-01-15,6008.411666666667
15,2015-01-16,5556.102222222222
16,2015-01-17,5262.033888888889
17,2015-01-18,5074.3983333333335
18,2015-01-19,4844.072222222222
19,2015-01-20,5242.413888888889
20,2015-01-21,5145.29
21,2015-01-22,5422.399444444444
22,2015-01-23,5452.570555555556
23,2015-01-24,5329.835
24,2015-01-25,4801.645
25,2015-01-26,4754.5905555555555
26,2015-01-27,4788.962222222222
27,2015-01-28,4946.892777777778
28,2015-01-29,4942.74
29,2015-01-30,4887.008333333333
30,2015-01-31,5350.846666666666
31,2015-02-01,5586.09
32,2015-02-02,5249.859444444444
33,2015-02-03,5066.52
34,2015-02-04,5020.022777777778
35,2015-02-05,5292.826666666667
36,2015-02-06,5090.917777777778
37,2015-02-07,4793.402777777777
38,2015-02-08,4452.693888888889
39,2015-02-09,5155.000555555555
40,2015-02-10,5253.9766666666665
41,2015-02-11,5876.007777777778
42,2015-02-12,4435.480833333333
43,2015-02-13,5286.027777777777
44,2015-02-14,4856.2861111111115
45,2015-02-15,5728.935555555556
46,2015-02-16,5145.42
47,2015-02-17,4749.217777777778
48,2015-02-18,3776.153888888889
49,2015-02-19,5895.695
50,2015-02-20,5461.671111111111
51,2015-02-21,5428.723333333333
52,2015-02-22,4309.964722222222
53,2015-02-23,5310.195
54,2015-02-24,5159.332222222222
55,2015-02-25,4833.866111111111
56,2015-02-26,4144.896944444445
57,2015-02-27,4693.222777777778
58,2015-02-28,5736.357777777778
59,2015-03-01,5540.123333333333
60,2015-03-02,5149.33
61,2015-03-03,5152.427777777778
62,2015-03-04,5329.3516666666665
63,2015-03-05,6016.3516666666665
64,2015-03-06,5377.333333333333
65,2015-03-07,5146.507777777778
66,2015-03-08,4321.341111111111
67,2015-03-09,4672.366666666667
68,2015-03-10,4684.147222222222
69,2015-03-11,5562.169444444445
70,2015-03-12,6019.613888888889
71,2015-03-13,5180.924444444445
72,2015-03-14,5385.974444444444
73,2015-03-15,4811.065
74,2015-03-16,4576.592777777778
75,2015-03-17,4626.833611111111
76,2015-03-18,5383.515555555556
77,2015-03-19,4585.3975
78,2015-03-20,5311.971666666666
79,2015-03-21,4981.93
80,2015-03-22,4713.2716666666665
81,2015-03-23,5441.398888888889
82,2015-03-24,4461.612222222222
83,2015-03-25,4981.595555555556
84,2015-03-26,5243.586666666667
85,2015-03-27,4090.3475
86,2015-03-28,4686.137222222223
87,2015-03-29,4883.024444444444
88,2015-03-30,4115.339444444445
89,2015-03-31,4861.531666666667
90,2015-04-01,4945.291111111111
91,2015-04-02,4729.4672222222225
92,2015-04-03,4443.476944444445
93,2015-04-04,5762.675555555556
94,2015-04-05,5113.602222222222
95,2015-04-06,5289.258888888889
96,2015-04-07,4438.613333333334
97,2015-04-08,6276.480555555556
98,2015-04-09,5251.870555555555
99,2015-04-10,5341.291666666667
100,2015-04-11,4710.775
101,2015-04-12,4291.4975
102,2015-04-13,5247.252222222222
103,2015-04-14,4948.772777777778
104,2015-04-15,5079.852777777778
105,2015-04-16,5508.4783333333335
106,2015-04-17,5517.154444444444
107,2015-04-18,5172.314444444444
108,2015-04-19,5480.781666666667
109,2015-04-20,5207.573333333334
110,2015-04-21,5575.19
111,2015-04-22,5393.061111111111
112,2015-04-23,4534.1575
113,2015-04-24,3912.0144444444445
114,2015-04-25,5063.938888888889
115,2015-04-26,4926.8116666666665
116,2015-04-27,5662.487222222222
117,2015-04-28,4988.735
118,2015-04-29,5009.95
119,2015-04-30,5553.171111111111
120,2015-05-01,4885.33
121,2015-05-02,4984.7427777777775
122,2015-05-03,4502.071944444445
123,2015-05-04,5810.397777777778
124,2015-05-05,4455.6033333333335
125,2015-05-06,4863.775555555556
126,2015-05-07,4069.8344444444447
127,2015-05-08,5093.992222222222
128,2015-05-09,5540.074444444444
129,2015-05-10,4436.164722222222
130,2015-05-11,4990.577222222222
131,2015-05-12,4639.358333333334
132,2015-05-13,4580.161666666667
133,2015-05-14,3825.873611111111
134,2015-05-15,5235.050555555556
135,2015-05-16,5232.3788888888885
136,2015-05-17,4564.672777777778
137,2015-05-18,4962.025
138,2015-05-19,4989.068888888889
139,2015-05-20,5418.979444444444
140,2015-05-21,4170.570833333333
141,2015-05-22,5358.726111111111
142,2015-05-23,4874.801111111111
143,2015-05-24,4261.063055555555
144,2015-05-25,4491.893611111111
145,2015-05-26,4562.449166666666
146,2015-05-27,4517.272777777778
147,2015-05-28,4526.606666666667
148,2015-05-29,4534.3788888888885
149,2015-05-30,4400.1425
150,2015-05-31,4446.164444444445
151,2015-06-01,3798.7230555555557
152,2015-06-02,4603.085
153,2015-06-03,4973.012777777778
154,2015-06-04,4888.01
155,2015-06-05,2684.971111111111
156,2015-06-06,4706.096666666666
157,2015-06-07,3909.137777777778
158,2015-06-08,4705.2844444444445
159,2015-06-09,4364.861666666667
160,2015-06-10,4550.239444444444
161,2015-06-11,4471.4325
162,2015-06-12,4504.050833333334
163,2015-06-13,4705.760555555556
164,2015-06-14,4840.902777777777
165,2015-06-15,4261.179166666667
166,2015-06-16,4008.1444444444446
167,2015-06-17,4437.876388888889
168,2015-06-18,4374.671666666667
169,2015-06-19,4610.404166666666
170,2015-06-20,4338.900277777778
171,2015-06-21,4270.63
172,2015-06-22,4249.226388888889
173,2015-06-23,4070.6141666666667
174,2015-06-24,4737.8422222222225
175,2015-06-25,4297.677777777778
176,2015-06-26,4235.141944444445
177,2015-06-27,3678.7452777777776
178,2015-06-28,4375.398055555555
179,2015-06-29,4242.975277777778
180,2015-06-30,3667.6558333333332
181,2015-07-01,3233.4025
182,2015-07-02,3974.9283333333333
183,2015-07-03,3659.866666666667
184,2015-07-04,3938.0577777777776
185,2015-07-05,4582.945833333333
186,2015-07-06,5232.358333333334
187,2015-07-07,4971.848888888889
188,2015-07-08,4835.673333333333
189,2015-07-09,4963.135555555556
190,2015-07-10,3951.8108333333334
191,2015-07-11,3925.0005555555554
192,2015-07-12,4249.4094444444445
193,2015-07-13,4296.502777777778
194,2015-07-14,4957.449444444444
195,2015-07-15,4465.0361111111115
196,2015-07-16,4228.136666666666
197,2015-07-17,4647.166111111111
198,2015-07-18,4208.140555555556
199,2015-07-19,4198.020555555556
200,2015-07-20,3930.068888888889
201,2015-07-21,3368.6766666666667
202,2015-07-22,4351.676666666666
203,2015-07-23,3495.8619444444444
204,2015-07-24,4317.868333333333
205,2015-07-25,4611.181666666666
206,2015-07-26,3303.6208333333334
207,2015-07-27,3242.6483333333335
208,2015-07-28,4091.3269444444445
209,2015-07-29,3200.7941666666666
210,2015-07-30,3962.3555555555554
211,2015-07-31,4472.877222222222
212,2015-08-01,4523.595
213,2015-08-02,4274.544166666667
214,2015-08-03,3754.639166666667
215,2015-08-04,4475.141666666666
216,2015-08-05,4351.161666666667
217,2015-08-06,4313.092777777778
218,2015-08-07,4676.566111111111
219,2015-08-08,4352.0975
220,2015-08-09,3823.505
221,2015-08-10,4686.418333333333
222,2015-08-11,4063.041388888889
223,2015-08-12,3927.6516666666666
224,2015-08-13,3923.503888888889
225,2015-08-14,4308.999722222222
226,2015-08-15,3344.138611111111
227,2015-08-16,2923.197222222222
228,2015-08-17,3922.2191666666668
229,2015-08-18,4464.1802777777775
230,2015-08-19,4223.740277777778
231,2015-08-20,3557.1880555555554
232,2015-08-21,4381.4672222222225
233,2015-08-22,4333.394444444444
234,2015-08-23,4087.7947222222224
235,2015-08-24,4335.081111111111
236,2015-08-25,4541.872222222222
237,2015-08-26,4339.979444444444
238,2015-08-27,4255.296111111111
239,2015-08-28,3879.1725
240,2015-08-29,4645.375
241,2015-08-30,3912.8533333333335
242,2015-08-31,4794.207777777778
243,2015-09-01,4856.149444444444
244,2015-09-02,4309.555555555556
245,2015-09-03,3889.1930555555555
246,2015-09-04,3917.6222222222223
247,2015-09-05,4833.288888888889
248,2015-09-06,3292.295
249,2015-09-07,3577.9708333333333
250,2015-09-08,4343.918333333333
251,2015-09-09,5272.308888888889
252,2015-09-10,4044.9
253,2015-09-11,4967.8
254,2015-09-12,4469.947222222222
255,2015-09-13,4599.875555555555
256,2015-09-14,4100.423611111111
257,2015-09-15,3701.546388888889
258,2015-09-16,4006.6930555555555
259,2015-09-17,4736.822777777777
260,2015-09-18,5024.315555555556
261,2015-09-19,4152.6594444444445
262,2015-09-20,4618.465277777777
263,2015-09-21,4896.823888888889
264,2015-09-22,4337.661944444444
265,2015-09-23,4875.083333333333
266,2015-09-24,4809.208888888889
267,2015-09-25,3909.1758333333332
268,2015-09-26,4202.3983333333335
269,2015-09-27,4358.958888888889
270,2015-09-28,4383.756111111111
271,2015-09-29,3755.636111111111
272,2015-09-30,4767.620555555555
273,2015-10-01,4496.977222222222
274,2015-10-02,4516.612222222222
275,2015-10-03,4352.256388888889
276,2015-10-04,4751.607222222222
277,2015-10-05,4338.268611111111
278,2015-10-06,4125.1075
279,2015-10-07,4024.34
280,2015-10-08,4768.845
281,2015-10-09,3804.0452777777778
282,2015-10-10,4818.622222222222
283,2015-10-11,4788.883888888889
284,2015-10-12,4340.444444444444
285,2015-10-13,4766.256666666667
286,2015-10-14,4402.808888888889
287,2015-10-15,4465.960555555555
288,2015-10-16,3937.821388888889
289,2015-10-17,4560.57
290,2015-10-18,4739.337777777778
291,2015-10-19,3359.6652777777776
292,2015-10-20,4498.870277777778
293,2015-10-21,4406.795833333334
294,2015-10-22,2994.426111111111
295,2015-10-23,4277.883611111111
296,2015-10-24,3794.4475
297,2015-10-25,4381.060277777778
298,2015-10-26,4080.2
299,2015-10-27,4131.005277777777
300,2015-10-28,3747.5744444444445
301,2015-10-29,3095.363611111111
302,2015-10-30,4898.812777777778
303,2015-10-31,3445.3441666666668
304,2015-11-01,3928.1941666666667
305,2015-11-02,4152.042777777778
306,2015-11-03,5229.42
307,2015-11-04,4116.968888888889
308,2015-11-05,3226.0241666666666
309,2015-11-06,5641.305
310,2015-11-07,5024.887222222223
311,2015-11-08,3967.045833333333
312,2015-11-09,4418.991388888889
313,2015-11-10,3734.3752777777777
314,2015-11-11,5087.05
315,2015-11-12,4921.465
316,2015-11-13,3772.1741666666667
317,2015-11-14,4229.1177777777775
318,2015-11-15,4147.081666666667
319,2015-11-16,5266.058333333333
320,2015-11-17,4688.111111111111
321,2015-11-18,4369.906944444445
322,2015-11-19,4862.535555555555
323,2015-11-20,3949.335
324,2015-11-21,4667.192777777777
325,2015-11-22,4525.003055555556
326,2015-11-23,4349.493333333333
327,2015-11-24,4343.845833333334
328,2015-11-25,5348.739444444444
329,2015-11-26,4922.720555555556
330,2015-11-27,4638.064444444444
331,2015-11-28,4967.447222222222
332,2015-11-29,4838.167222222222
333,2015-11-30,4854.417777777778
334,2015-12-01,4711.9655555555555
335,2015-12-02,4527.236666666667
336,2015-12-03,4845.997777777778
337,2015-12-04,5249.691111111111
338,2015-12-05,4935.490555555555
339,2015-12-06,4715.386666666666
340,2015-12-07,5692.36
341,2015-12-08,5879.6322222222225
342,2015-12-09,5141.265
343,2015-12-10,5489.902222222222
344,2015-12-11,5813.698333333334
345,2015-12-12,5711.087222222222
346,2015-12-13,4808.001111111111
347,2015-12-14,4373.023888888889
348,2015-12-15,5493.471111111111
349,2015-12-16,5559.426111111111
350,2015-12-17,4821.9766666666665
351,2015-12-18,4491.511666666666
352,2015-12-19,4839.471666666666
353,2015-12-20,4720.919444444445
354,2015-12-21,5267.216666666666
355,2015-12-22,5780.914444444445
356,2015-12-23,5909.810555555556
357,2015-12-24,5781.873888888889
358,2015-12-25,5980.322777777777
359,2015-12-26,5917.993888888889
360,2015-12-27,5732.274444444444
361,2015-12-28,5647.111111111111
362,2015-12-29,5509.533888888889
363,2015-12-30,5773.2461111111115
364,2015-12-31,4861.341111111111
457,2016-01-01,4763.644444444444
458,2016-01-02,5244.811111111111
459,2016-01-03,5635.991666666667
460,2016-01-04,5860.589444444445
461,2016-01-05,5793.187222222222
462,2016-01-06,5101.653888888889
463,2016-01-07,4814.290555555555
464,2016-01-08,5266.156111111111
465,2016-01-09,5009.698888888889
466,2016-01-10,5470.351111111111
467,2016-01-11,5586.287777777778
468,2016-01-12,5099.698333333334
469,2016-01-13,4994.121666666667
470,2016-01-14,4383.6575
471,2016-01-15,4927.828888888889
472,2016-01-16,4584.881666666667
473,2016-01-17,4816.197777777777
474,2016-01-18,5242.229444444444
475,2016-01-19,4655.788055555556
476,2016-01-20,5742.861111111111
477,2016-01-21,5222.0761111111115
478,2016-01-22,4561.119166666666
479,2016-01-23,4734.521111111111
480,2016-01-24,4595.455833333333
481,2016-01-25,5042.143333333333
482,2016-01-26,5409.063888888889
483,2016-01-27,5548.056111111111
484,2016-01-28,5986.510555555556
485,2016-01-29,6209.0905555555555
486,2016-01-30,6204.169444444445
487,2016-01-31,5616.377777777778
488,2016-02-01,5819.825
489,2016-02-02,6318.043888888889
490,2016-02-03,4919.762222222223
491,2016-02-04,5571.7861111111115
492,2016-02-05,5773.345
493,2016-02-06,5125.086111111111
494,2016-02-07,5276.605555555556
495,2016-02-08,4712.237222222222
496,2016-02-09,5306.397222222222
497,2016-02-10,5671.496666666667
498,2016-02-11,5192.298333333333
499,2016-02-12,4653.19
500,2016-02-13,4886.262777777778
501,2016-02-14,5425.127222222222
502,2016-02-15,5254.378333333333
503,2016-02-16,5216.887222222223
504,2016-02-17,4882.835
505,2016-02-18,5481.848333333333
506,2016-02-19,5588.163888888889
507,2016-02-20,5011.266111111111
508,2016-02-21,5184.861666666667
509,2016-02-22,5136.858888888889
510,2016-02-23,5692.138888888889
511,2016-02-24,5174.432222222223
512,2016-02-25,5177.946111111111
513,2016-02-26,4776.566111111111
514,2016-02-27,5246.357222222222
515,2016-02-28,5478.612222222222
516,2016-02-29,5010.612222222222
517,2016-03-01,4702.151666666667
518,2016-03-02,4600.891388888889
519,2016-03-03,4904.642222222222
520,2016-03-04,4884.997222222222
521,2016-03-05,3643.06
522,2016-03-06,4717.708333333333
523,2016-03-07,5091.2172222222225
524,2016-03-08,5825.600555555556
525,2016-03-09,4915.795555555555
526,2016-03-10,3398.6227777777776
527,2016-03-11,5163.031666666667
528,2016-03-12,5702.0361111111115
529,2016-03-13,3708.1847222222223
530,2016-03-14,5005.361111111111
531,2016-03-15,5140.547777777778
532,2016-03-16,4478.674444444445
533,2016-03-17,4866.158888888889
534,2016-03-18,4211.113333333334
535,2016-03-19,4140.5125
536,2016-03-20,3059.2697222222223
537,2016-03-21,5733.385555555556
538,2016-03-22,5888.551111111111
539,2016-03-23,4562.577777777778
540,2016-03-24,4641.756111111111
541,2016-03-25,4839.42
542,2016-03-26,5072.078333333333
543,2016-03-27,4649.976388888889
544,2016-03-28,4620.345555555556
545,2016-03-29,3873.193333333333
546,2016-03-30,5205.262777777778
547,2016-03-31,4876.077222222222
548,2016-04-01,4782.289444444445
549,2016-04-02,4498.973888888889
550,2016-04-03,5765.228888888889
551,2016-04-04,5118.682777777778
552,2016-04-05,3528.5008333333335
553,2016-04-06,4127.591944444444
554,2016-04-07,4513.486944444445
555,2016-04-08,5531.8133333333335
556,2016-04-09,4597.122777777778
557,2016-04-10,4710.198888888889
558,2016-04-11,5058.041111111111
559,2016-04-12,3779.6294444444443
560,2016-04-13,5989.676666666666
561,2016-04-14,4639.166111111111
562,2016-04-15,3979.6505555555555
563,2016-04-16,4916.461666666667
564,2016-04-17,4065.5308333333332
565,2016-04-18,5384.856666666667
566,2016-04-19,5305.792777777778
567,2016-04-20,4438.114722222223
568,2016-04-21,5235.48
569,2016-04-22,5160.3516666666665
570,2016-04-23,4384.372777777778
571,2016-04-24,4400.109444444444
572,2016-04-25,4880.175555555556
573,2016-04-26,3496.7919444444447
574,2016-04-27,5528.771111111111
575,2016-04-28,4924.425555555556
576,2016-04-29,4926.151111111111
577,2016-04-30,4830.1305555555555
578,2016-05-01,4159.668333333333
579,2016-05-02,4241.987777777777
580,2016-05-03,5023.79
581,2016-05-04,4692.338333333333
582,2016-05-05,4779.195555555556
583,2016-05-06,4677.473888888889
584,2016-05-07,4502.745277777778
585,2016-05-08,4806.357222222222
586,2016-05-09,5475.356111111111
587,2016-05-10,4777.7461111111115
588,2016-05-11,3782.329166666667
589,2016-05-12,4975.448888888889
590,2016-05-13,4251.233611111111
591,2016-05-14,4468.490277777778
592,2016-05-15,3680.3152777777777
593,2016-05-16,5123.61
594,2016-05-17,4339.74
595,2016-05-18,4467.470833333334
596,2016-05-19,4924.652222222222
597,2016-05-20,4754.543888888889
598,2016-05-21,4390.221666666666
599,2016-05-22,4467.157222222222
600,2016-05-23,3571.2766666666666
601,2016-05-24,4817.733888888889
602,2016-05-25,4874.069444444444
603,2016-05-26,4827.831111111111
604,2016-05-27,4593.824444444444
605,2016-05-28,3977.764166666667
606,2016-05-29,4047.3569444444443
607,2016-05-30,4030.6077777777778
608,2016-05-31,5103.578333333333
609,2016-06-01,4758.108888888889
610,2016-06-02,4451.59
611,2016-06-03,5201.533888888889
612,2016-06-04,4548.036666666667
613,2016-06-05,3709.5508333333332
614,2016-06-06,5380.6194444444445
615,2016-06-07,4496.619722222223
616,2016-06-08,4875.573888888889
617,2016-06-09,4312.608333333334
618,2016-06-10,4609.126388888889
619,2016-06-11,4106.323888888889
620,2016-06-12,4516.017777777778
621,2016-06-13,4478.943611111111
622,2016-06-14,4380.465833333334
623,2016-06-15,4734.816666666667
624,2016-06-16,3504.385277777778
625,2016-06-17,4196.020555555556
626,2016-06-18,4616.362777777777
627,2016-06-19,3855.9705555555556
628,2016-06-20,4585.220833333334
629,2016-06-21,4736.154444444444
630,2016-06-22,5033.216666666666
631,2016-06-23,3353.619166666667
632,2016-06-24,3870.965277777778
633,2016-06-25,4052.413888888889
634,2016-06-26,3974.4636111111113
635,2016-06-27,4000.9944444444445
636,2016-06-28,4370.878611111111
637,2016-06-29,4568.719444444445
638,2016-06-30,4557.849166666667
639,2016-07-01,4182.545277777778
640,2016-07-02,4567.828055555556
641,2016-07-03,4282.376388888889
642,2016-07-04,4177.884166666667
643,2016-07-05,4036.180277777778
644,2016-07-06,4157.109444444444
645,2016-07-07,4514.262222222223
646,2016-07-08,4692.95
647,2016-07-09,4350.902777777777
648,2016-07-10,3937.865
649,2016-07-11,3863.2633333333333
650,2016-07-12,3811.6
651,2016-07-13,4273.868888888889
652,2016-07-14,4177.533888888889
653,2016-07-15,4272.07
654,2016-07-16,3948.174722222222
655,2016-07-17,4379.689444444444
656,2016-07-18,3988.1908333333336
657,2016-07-19,4031.1969444444444
658,2016-07-20,4547.408611111111
659,2016-07-21,4502.631388888889
660,2016-07-22,2755.928888888889
661,2016-07-23,4013.7327777777778
662,2016-07-24,3937.9338888888888
663,2016-07-25,4688.7138888888885
664,2016-07-26,4352.945833333333
665,2016-07-27,4449.689722222222
666,2016-07-28,4616.895
667,2016-07-29,3557.240277777778
668,2016-07-30,4902.303888888889
669,2016-07-31,4234.255833333334
670,2016-08-01,4227.238333333334
671,2016-08-02,4534.328055555556
672,2016-08-03,4491.380833333334
673,2016-08-04,4638.1725
674,2016-08-05,4188.803611111111
675,2016-08-06,4412.599444444444
676,2016-08-07,3803.94
677,2016-08-08,3496.1316666666667
678,2016-08-09,3546.8955555555553
679,2016-08-10,4679.404444444444
680,2016-08-11,4757.877222222222
681,2016-08-12,4537.7825
682,2016-08-13,2888.5325
683,2016-08-14,3731.14
684,2016-08-15,4115.193888888889
685,2016-08-16,3853.8841666666667
686,2016-08-17,4350.5344444444445
687,2016-08-18,3993.8958333333335
688,2016-08-19,3988.718888888889
689,2016-08-20,4673.536666666667
690,2016-08-21,4658.2775
691,2016-08-22,4414.797777777778
692,2016-08-23,4781.725
693,2016-08-24,3647.0616666666665
694,2016-08-25,3963.323888888889
695,2016-08-26,4539.855555555556
696,2016-08-27,4050.0205555555553
697,2016-08-28,4676.7444444444445
698,2016-08-29,3732.926388888889
699,2016-08-30,3424.9119444444445
700,2016-08-31,4214.833333333333
701,2016-09-01,4458.633333333333
702,2016-09-02,4248.087777777778
703,2016-09-03,5126.813888888889
704,2016-09-04,3912.5647222222224
705,2016-09-05,4642.237777777777
706,2016-09-06,3692.7258333333334
707,2016-09-07,4876.018888888889
708,2016-09-08,4751.5327777777775
709,2016-09-09,3385.1022222222223
710,2016-09-10,5125.263333333333
711,2016-09-11,4698.3822222222225
712,2016-09-12,4310.5586111111115
713,2016-09-13,4097.735277777778
714,2016-09-14,4848.147222222222
715,2016-09-15,4393.758333333333
716,2016-09-16,4335.053055555555
717,2016-09-17,5285.001666666667
718,2016-09-18,4442.481388888889
719,2016-09-19,4356.046388888889
720,2016-09-20,4230.600833333333
721,2016-09-21,4423.9025
722,2016-09-22,3979.442777777778
723,2016-09-23,4705.031111111111
724,2016-09-24,3734.5241666666666
725,2016-09-25,4623.1525
726,2016-09-26,4075.0583333333334
727,2016-09-27,4287.238888888889
728,2016-09-28,4695.887777777778
729,2016-09-29,4286.891388888889
730,2016-09-30,4200.741388888889
365,2016-10-01,4868.423333333333
366,2016-10-02,3244.4425
367,2016-10-03,5098.7572222222225
368,2016-10-04,4392.106388888889
369,2016-10-05,4582.150277777778
370,2016-10-06,4562.2636111111115
371,2016-10-07,4312.0616666666665
372,2016-10-08,4755.493888888889
373,2016-10-09,4354.818888888889
374,2016-10-10,4906.662777777778
375,2016-10-11,4232.8452777777775
376,2016-10-12,4540.041666666667
377,2016-10-13,4545.106666666667
378,2016-10-14,3918.2969444444443
379,2016-10-15,4012.0280555555555
380,2016-10-16,4356.576944444444
381,2016-10-17,4764.614444444444
382,2016-10-18,4283.8452777777775
383,2016-10-19,4723.512777777778
384,2016-10-20,4435.708888888889
385,2016-10-21,3973.803611111111
386,2016-10-22,4627.386944444444
387,2016-10-23,4043.4236111111113
388,2016-10-24,4283.016944444445
389,2016-10-25,3651.567777777778
390,2016-10-26,3243.7369444444444
391,2016-10-27,5325.553333333333
392,2016-10-28,4295.305
393,2016-10-29,4510.768333333333
394,2016-10-30,4543.076944444444
395,2016-10-31,5511.053333333333
396,2016-11-01,4187.328888888889
397,2016-11-02,4269.223055555555
398,2016-11-03,4076.0325
399,2016-11-04,4982.735
400,2016-11-05,4307.5175
401,2016-11-06,3873.1966666666667
402,2016-11-07,4474.326944444444
403,2016-11-08,5306.292222222222
404,2016-11-09,4850.988888888889
405,2016-11-10,4399.710277777778
406,2016-11-11,4799.238888888889
407,2016-11-12,4571.195555555556
408,2016-11-13,4643.620277777778
409,2016-11-14,5266.957222222222
410,2016-11-15,4514.794166666667
411,2016-11-16,4668.323333333334
412,2016-11-17,4105.5
413,2016-11-18,4523.593888888889
414,2016-11-19,4138.4675
415,2016-11-20,4076.3330555555553
416,2016-11-21,3605.4266666666667
417,2016-11-22,5282.287222222222
418,2016-11-23,5183.221111111111
419,2016-11-24,5352.5216666666665
420,2016-11-25,4882.447777777777
421,2016-11-26,4511.181388888889
422,2016-11-27,4721.528333333334
423,2016-11-28,4137.7108333333335
424,2016-11-29,4700.816111111111
425,2016-11-30,5005.403333333334
426,2016-12-01,4303.038055555556
427,2016-12-02,4965.432222222223
428,2016-12-03,3441.1016666666665
429,2016-12-04,3821.606111111111
430,2016-12-05,4637.596666666666
431,2016-12-06,4155.707222222222
432,2016-12-07,4916.1016666666665
433,2016-12-08,4267.9025
434,2016-12-09,5061.793333333333
435,2016-12-10,4893.537222222222
436,2016-12-11,4979.778333333334
437,2016-12-12,4773.141111111111
438,2016-12-13,5220.082222222222
439,2016-12-14,5436.377777777778
440,2016-12-15,4808.782222222222
441,2016-12-16,4561.105833333333
442,2016-12-17,5277.3133333333335
443,2016-12-18,5081.216666666666
444,2016-12-19,5126.223333333333
445,2016-12-20,5576.779444444444
446,2016-12-21,5818.587222222222
447,2016-12-22,5021.939444444444
448,2016-12-23,5248.076666666667
449,2016-12-24,4996.672222222222
450,2016-12-25,5220.426111111111
451,2016-12-26,5064.907222222222
452,2016-12-27,4242.288055555556
453,2016-12-28,5290.145555555556
454,2016-12-29,5101.501666666667
455,2016-12-30,5148.620555555555
456,2016-12-31,5100.439444444444
731,2017-01-01,5439.481111111111
732,2017-01-02,5510.158888888889
733,2017-01-03,5547.606666666667
734,2017-01-04,5224.43
735,2017-01-05,4899.167222222222
736,2017-01-06,5193.638888888889
737,2017-01-07,5306.197222222222
738,2017-01-08,5043.223333333333
739,2017-01-09,5567.939444444444
740,2017-01-10,5208.123333333333
741,2017-01-11,4956.123333333333
742,2017-01-12,4186.111666666667
743,2017-01-13,4927.178888888889
744,2017-01-14,5184.512222222223
745,2017-01-15,5009.428888888889
746,2017-01-16,5114.066666666667
747,2017-01-17,5508.266666666666
748,2017-01-18,4962.378333333333
749,2017-01-19,5019.452222222222
750,2017-01-20,5118.498888888889
751,2017-01-21,5000.758888888889
752,2017-01-22,2983.3055555555557
753,2017-01-23,3991.325277777778
754,2017-01-24,4799.070555555556
755,2017-01-25,4993.585
756,2017-01-26,5221.885
757,2017-01-27,5431.736111111111
758,2017-01-28,5513.7538888888885
759,2017-01-29,5292.522777777778
760,2017-01-30,5130.920555555555
761,2017-01-31,3730.833611111111
762,2017-02-01,5512.251666666667
763,2017-02-02,5337.4366666666665
764,2017-02-03,5452.728888888889
765,2017-02-04,5189.183333333333
766,2017-02-05,5192.564444444444
767,2017-02-06,4929.3
768,2017-02-07,5403.493888888889
769,2017-02-08,5404.501666666667
770,2017-02-09,5768.635
771,2017-02-10,5752.9961111111115
772,2017-02-11,5599.722222222223
773,2017-02-12,5724.805555555556
774,2017-02-13,5719.272222222222
775,2017-02-14,5708.6322222222225
776,2017-02-15,5053.94
777,2017-02-16,5029.393888888889
778,2017-02-17,4457.603055555555
779,2017-02-18,5369.182222222223
780,2017-02-19,4940.410555555555
781,2017-02-20,5341.525
782,2017-02-21,5546.931111111111
783,2017-02-22,6303.18
784,2017-02-23,5769.592777777778
785,2017-02-24,4950.189444444444
786,2017-02-25,5372.721666666666
787,2017-02-26,5038.968333333333
788,2017-02-27,5398.972222222223
789,2017-02-28,5178.096666666666
790,2017-03-01,5397.400555555556
791,2017-03-02,5499.997222222222
792,2017-03-03,5251.947777777777
793,2017-03-04,5251.002777777778
794,2017-03-05,5230.124444444445
795,2017-03-06,4491.413611111111
796,2017-03-07,5087.856666666667
797,2017-03-08,5336.065
798,2017-03-09,4891.0055555555555
799,2017-03-10,5004.580555555555
800,2017-03-11,4708.885
801,2017-03-12,5053.864444444444
802,2017-03-13,5578.056111111111
803,2017-03-14,5157.868333333333
804,2017-03-15,4901.365555555555
805,2017-03-16,6129.467777777778
806,2017-03-17,5234.755
807,2017-03-18,5212.516666666666
808,2017-03-19,4691.138888888889
809,2017-03-20,4885.921111111111
810,2017-03-21,4415.149444444444
811,2017-03-22,4658.941666666667
812,2017-03-23,3627.6833333333334
813,2017-03-24,5822.684444444444
814,2017-03-25,5574.136111111111
815,2017-03-26,5007.194444444444
816,2017-03-27,5093.627777777778
817,2017-03-28,3948.61
818,2017-03-29,5781.57
819,2017-03-30,5134.156666666667
820,2017-03-31,5223.377777777778
821,2017-04-01,4354.929166666667
822,2017-04-02,4899.912777777778
823,2017-04-03,3944.6491666666666
824,2017-04-04,5056.163333333333
825,2017-04-05,4345.391388888889
826,2017-04-06,4078.4933333333333
827,2017-04-07,5953.0905555555555
828,2017-04-08,5464.404444444444
829,2017-04-09,4862.072222222222
830,2017-04-10,4849.362222222222
831,2017-04-11,5315.818888888889
832,2017-04-12,5220.471111111111
833,2017-04-13,3690.072777777778
834,2017-04-14,5579.818888888889
835,2017-04-15,5225.806111111111
836,2017-04-16,5986.07
837,2017-04-17,4696.075555555555
838,2017-04-18,3825.0969444444445
839,2017-04-19,5782.021111111111
840,2017-04-20,4507.909166666666
841,2017-04-21,4984.289444444445
842,2017-04-22,4783.892222222222
843,2017-04-23,3747.398888888889
844,2017-04-24,4622.170277777778
845,2017-04-25,4695.638333333333
846,2017-04-26,5660.753333333333
847,2017-04-27,5329.500555555555
848,2017-04-28,4387.8275
849,2017-04-29,5804.155555555555
850,2017-04-30,4585.9430555555555
851,2017-05-01,4202.47
852,2017-05-02,5056.416111111111
853,2017-05-03,3956.466388888889
854,2017-05-04,3718.891111111111
855,2017-05-05,5565.508888888889
856,2017-05-06,4618.8469444444445
857,2017-05-07,5792.212222222222
858,2017-05-08,5260.822777777777
859,2017-05-09,3758.6530555555555
860,2017-05-10,4128.268611111111
861,2017-05-11,4991.821111111111
862,2017-05-12,4803.826666666667
863,2017-05-13,4748.440555555556
864,2017-05-14,4630.7733333333335
865,2017-05-15,4618.238055555556
866,2017-05-16,4345.568611111111
867,2017-05-17,5645.758888888889
868,2017-05-18,5353.917777777778
869,2017-05-19,4694.006111111111
870,2017-05-20,4540.993333333333
871,2017-05-21,4142.637777777778
872,2017-05-22,4372.143333333333
873,2017-05-23,4067.7722222222224
874,2017-05-24,4110.031388888889
875,2017-05-25,4144.14
876,2017-05-26,4836.158333333334
877,2017-05-27,4702.717777777778
878,2017-05-28,4965.516666666666
879,2017-05-29,4705.379444444445
880,2017-05-30,4062.066388888889
881,2017-05-31,4558.9430555555555
882,2017-06-01,4353.182222222223
883,2017-06-02,4240.208611111111
884,2017-06-03,5078.432222222223
885,2017-06-04,4075.843611111111
886,2017-06-05,4060.9375
887,2017-06-06,4178.690833333333
888,2017-06-07,4659.605833333333
889,2017-06-08,4846.741111111111
890,2017-06-09,4890.202777777778
891,2017-06-10,4201.873055555556
892,2017-06-11,3996.428888888889
893,2017-06-12,3858.6922222222224
894,2017-06-13,3772.7472222222223
895,2017-06-14,4477.411944444444
896,2017-06-15,4055.7316666666666
897,2017-06-16,2960.0405555555553
898,2017-06-17,4391.055
899,2017-06-18,4688.219444444445
900,2017-06-19,3405.163611111111
901,2017-06-20,4368.952777777778
902,2017-06-21,4980.077777777778
903,2017-06-22,4782.180555555556
904,2017-06-23,4338.5225
905,2017-06-24,4700.463333333333
906,2017-06-25,4365.139444444444
907,2017-06-26,4169.453055555556
908,2017-06-27,2620.972222222222
909,2017-06-28,4164.646111111111
910,2017-06-29,4763.003333333333
911,2017-06-30,4273.046111111111
912,2017-07-01,4387.9783333333335
913,2017-07-02,4398.596666666666
914,2017-07-03,4515.548055555556
915,2017-07-04,4502.9975
916,2017-07-05,4049.25
917,2017-07-06,4151.042222222222
918,2017-07-07,4477.795833333334
919,2017-07-08,4787.842777777778
920,2017-07-09,4615.655833333333
921,2017-07-10,4306.997777777778
922,2017-07-11,4243.573611111111
923,2017-07-12,4537.318333333334
924,2017-07-13,4197.0175
925,2017-07-14,3968.4144444444446
926,2017-07-15,4287.524722222222
927,2017-07-16,4350.086666666667
928,2017-07-17,4442.013333333333
929,2017-07-18,4080.6655555555553
930,2017-07-19,4626.268333333333
931,2017-07-20,4596.336111111111
932,2017-07-21,3653.7047222222222
933,2017-07-22,4608.916388888889
934,2017-07-23,4344.363611111111
935,2017-07-24,2953.593888888889
936,2017-07-25,3616.7325
937,2017-07-26,4530.184444444444
938,2017-07-27,4504.224166666667
939,2017-07-28,4540.291944444444
940,2017-07-29,4155.924722222222
941,2017-07-30,4511.629444444445
942,2017-07-31,3777.0841666666665
943,2017-08-01,3978.3908333333334
944,2017-08-02,4595.606388888889
945,2017-08-03,4430.8225
946,2017-08-04,3756.903333333333
947,2017-08-05,3573.9513888888887
948,2017-08-06,4122.611111111111
949,2017-08-07,4160.824444444444
950,2017-08-08,4635.761666666666
951,2017-08-09,4424.409722222223
952,2017-08-10,4388.12
953,2017-08-11,3825.485833333333
954,2017-08-12,4787.211111111111
955,2017-08-13,4334.682222222223
956,2017-08-14,4257.497222222222
957,2017-08-15,4319.2425
958,2017-08-16,3317.413611111111
959,2017-08-17,4103.075833333333
960,2017-08-18,4713.515555555556
961,2017-08-19,4321.141944444445
962,2017-08-20,3268.1830555555557
963,2017-08-21,4890.937222222222
964,2017-08-22,3972.134722222222
965,2017-08-23,4499.564722222222
966,2017-08-24,4399.5025
967,2017-08-25,4097.209444444445
968,2017-08-26,3726.42
969,2017-08-27,4092.342222222222
970,2017-08-28,4664.073333333334
971,2017-08-29,4605.935555555556
972,2017-08-30,4450.055555555556
973,2017-08-31,4432.457222222222
974,2017-09-01,3691.3569444444443
975,2017-09-02,3509.9455555555555
976,2017-09-03,4156.736944444445
977,2017-09-04,3875.014722222222
978,2017-09-05,4968.515
979,2017-09-06,5256.831666666667
980,2017-09-07,4141.6658333333335
981,2017-09-08,4241.239166666666
982,2017-09-09,4423.908888888889
983,2017-09-10,3911.2947222222224
984,2017-09-11,3959.001388888889
985,2017-09-12,4834.508888888889
986,2017-09-13,4561.058333333333
987,2017-09-14,4853.801666666666
988,2017-09-15,4599.565555555556
989,2017-09-16,4205.176111111111
990,2017-09-17,4693.3516666666665
991,2017-09-18,5103.031111111111
992,2017-09-19,4736.801666666666
993,2017-09-20,5054.647777777778
994,2017-09-21,4266.118055555556
995,2017-09-22,4379.601111111111
996,2017-09-23,4146.281666666667
997,2017-09-24,4361.498333333333
998,2017-09-25,4750.548333333333
999,2017-09-26,4642.253611111111
1000,2017-09-27,2884.761111111111
1001,2017-09-28,4471.735277777778
1002,2017-09-29,4604.5888888888885
1003,2017-09-30,5228.1466666666665
1004,2017-10-01,4310.385555555556
1005,2017-10-02,3747.237222222222
1006,2017-10-03,4434.912222222222
1007,2017-10-04,4857.599444444444
1008,2017-10-05,4750.6322222222225
1009,2017-10-06,4258.070555555556
1010,2017-10-07,3629.9016666666666
1011,2017-10-08,4199.670833333334
1012,2017-10-09,3829.2
1013,2017-10-10,4625.948611111111
1014,2017-10-11,4581.348055555555
1015,2017-10-12,4455.991944444444
1016,2017-10-13,3073.067777777778
1017,2017-10-14,4022.9141666666665
1018,2017-10-15,4291.603611111111
1019,2017-10-16,3996.1094444444443
1020,2017-10-17,2989.4808333333335
1021,2017-10-18,4421.206111111111
1022,2017-10-19,4829.297222222222
1023,2017-10-20,4566.0775
1024,2017-10-21,4440.2236111111115
1025,2017-10-22,4212.544166666667
1026,2017-10-23,3405.5988888888887
1027,2017-10-24,3195.643611111111
1028,2017-10-25,4568.158333333334
1029,2017-10-26,4050.148888888889
1030,2017-10-27,4844.767777777778
1031,2017-10-28,4009.610277777778
1032,2017-10-29,5060.620555555555
1033,2017-10-30,4347.3675
1034,2017-10-31,4928.379444444445
1035,2017-11-01,4254.231111111111
1036,2017-11-02,3513.6544444444444
1037,2017-11-03,4385.428888888889
1038,2017-11-04,5184.977777777778
1039,2017-11-05,4177.191111111111
1040,2017-11-06,4334.14
1041,2017-11-07,4949.538888888889
1042,2017-11-08,5074.322777777777
1043,2017-11-09,4398.800555555556
1044,2017-11-10,3864.5
1045,2017-11-11,5030.370555555555
1046,2017-11-12,4358.545555555555
1047,2017-11-13,5299.272777777778
1048,2017-11-14,4478.024166666667
1049,2017-11-15,3825.6633333333334
1050,2017-11-16,3995.2991666666667
1051,2017-11-17,4887.268333333333
1052,2017-11-18,4377.197777777777
1053,2017-11-19,3588.3119444444446
1054,2017-11-20,5586.412777777778
1055,2017-11-21,4764.063888888889
1056,2017-11-22,4661.711111111111
1057,2017-11-23,3978.7947222222224
1058,2017-11-24,4912.852777777778
1059,2017-11-25,4798.472777777778
1060,2017-11-26,5066.515
1061,2017-11-27,4926.539444444445
1062,2017-11-28,5004.512222222223
1063,2017-11-29,4780.453333333333
1064,2017-11-30,4771.473888888889
1065,2017-12-01,5468.193888888889
1066,2017-12-02,5077.255
1067,2017-12-03,4712.384444444445
1068,2017-12-04,4412.578055555556
1069,2017-12-05,4733.486111111111
1070,2017-12-06,4917.658888888889
1071,2017-12-07,4780.278333333334
1072,2017-12-08,4778.347777777778
1073,2017-12-09,4178.034722222223
1074,2017-12-10,4365.5552777777775
1075,2017-12-11,4730.916666666667
1076,2017-12-12,4307.315
1077,2017-12-13,4903.287777777778
1078,2017-12-14,4883.456111111111
1079,2017-12-15,4970.074444444444
1080,2017-12-16,4782.841111111111
1081,2017-12-17,4615.446388888889
1082,2017-12-18,4811.349444444444
1083,2017-12-19,4648.157222222222
1084,2017-12-20,4977.202777777778
1085,2017-12-21,4890.308888888889
1086,2017-12-22,4593.826666666667
1087,2017-12-23,4471.466111111111
1088,2017-12-24,5077.556111111111
1089,2017-12-25,5275.88
1090,2017-12-26,5738.1738888888885
1091,2017-12-27,5557.481666666667
1092,2017-12-28,5544.291111111111
1093,2017-12-29,5032.468333333333
1094,2017-12-30,5615.238888888889
1095,2017-12-31,5345.309444444444
1096,2018-01-01,5246.565555555556
1097,2018-01-02,5488.918333333333
1098,2018-01-03,4813.3516666666665
1099,2018-01-04,5680.857222222222
1100,2018-01-05,5205.0905555555555
1101,2018-01-06,4835.118888888889
1102,2018-01-07,4983.185
1103,2018-01-08,4992.028888888889
1104,2018-01-09,5476.543888888889
1105,2018-01-10,5309.256111111111
1106,2018-01-11,4982.030555555555
1107,2018-01-12,4877.730555555556
1108,2018-01-13,5059.528888888889
1109,2018-01-14,4672.662777777778
1110,2018-01-15,4625.247222222222
1111,2018-01-16,4939.376111111111
1112,2018-01-17,5702.633333333333
1113,2018-01-18,4900.601111111111
1114,2018-01-19,5140.59
1115,2018-01-20,4974.199444444444
1116,2018-01-21,5081.580555555555
1117,2018-01-22,5359.743888888889
1118,2018-01-23,4809.870555555555
1119,2018-01-24,5009.262222222223
1120,2018-01-25,4948.321111111111
1121,2018-01-26,4423.97
1122,2018-01-27,5080.9366666666665
1123,2018-01-28,5455.706111111111
1124,2018-01-29,5143.542777777778
1125,2018-01-30,5213.588333333333
1126,2018-01-31,6112.020555555556
1127,2018-02-01,5914.862222222222
1128,2018-02-02,5074.706111111111
1129,2018-02-03,5743.29
1130,2018-02-04,5787.305
1131,2018-02-05,5515.836111111111
1132,2018-02-06,5347.895555555556
1133,2018-02-07,5048.588333333333
1134,2018-02-08,5478.466666666666
1135,2018-02-09,4934.843888888889
1136,2018-02-10,5019.73
1137,2018-02-11,5108.344444444445
1138,2018-02-12,4558.043333333333
1139,2018-02-13,4765.457222222222
1140,2018-02-14,4520.299444444445
1141,2018-02-15,5449.536666666667
1142,2018-02-16,4696.753333333333
1143,2018-02-17,5240.177777777778
1144,2018-02-18,4466.812222222222
1145,2018-02-19,5197.241111111111
1146,2018-02-20,5479.219444444445
1147,2018-02-21,4866.33
1148,2018-02-22,4650.730833333333
1149,2018-02-23,4971.7733333333335
1150,2018-02-24,5376.983888888889
1151,2018-02-25,4268.888055555555
1152,2018-02-26,4813.918888888889
1153,2018-02-27,4384.855277777778
1154,2018-02-28,5623.941111111111
1155,2018-03-01,4317.0375
1156,2018-03-02,5853.955555555555
1157,2018-03-03,5160.328333333333
1158,2018-03-04,5481.149444444444
1159,2018-03-05,4377.044166666667
1160,2018-03-06,5499.172222222222
1161,2018-03-07,5472.2444444444445
1162,2018-03-08,4997.493888888889
1163,2018-03-09,4199.101111111111
1164,2018-03-10,5641.070555555556
1165,2018-03-11,4618.138055555555
1166,2018-03-12,4670.6177777777775
1167,2018-03-13,5418.7844444444445
1168,2018-03-14,4872.705
1169,2018-03-15,4393.571944444445
1170,2018-03-16,4786.21
1171,2018-03-17,4703.815555555556
1172,2018-03-18,4831.314444444444
1173,2018-03-19,5258.299444444445
1174,2018-03-20,5882.295
1175,2018-03-21,5029.671111111111
1176,2018-03-22,4834.164444444445
1177,2018-03-23,5275.283333333334
1178,2018-03-24,5190.734444444444
1179,2018-03-25,4914.740555555555
1180,2018-03-26,4126.783055555556
1181,2018-03-27,4868.711666666667
1182,2018-03-28,4814.337777777778
1183,2018-03-29,5359.364444444444
1184,2018-03-30,5315.5072222222225
1185,2018-03-31,4853.416111111111
1186,2018-04-01,4695.618888888889
1187,2018-04-02,3810.237777777778
1188,2018-04-03,4316.768611111111
1189,2018-04-04,5290.704444444445
1190,2018-04-05,4978.65
1191,2018-04-06,4159.669166666667
1192,2018-04-07,4227.375277777778
1193,2018-04-08,5418.600555555556
1194,2018-04-09,4034.3019444444444
1195,2018-04-10,3781.6355555555556
1196,2018-04-11,4352.269444444444
1197,2018-04-12,4851.235555555556
1198,2018-04-13,5557.5488888888885
1199,2018-04-14,4558.282222222222
1200,2018-04-15,4856.147777777778
1201,2018-04-16,5429.616111111111
1202,2018-04-17,5150.265
1203,2018-04-18,4764.731666666667
1204,2018-04-19,5223.407222222222
1205,2018-04-20,4341.644166666667
1206,2018-04-21,5582.759444444445
1207,2018-04-22,5313.470555555556
1208,2018-04-23,4669.2444444444445
1209,2018-04-24,5485.832222222222
1210,2018-04-25,5342.326666666667
1211,2018-04-26,5874.350555555556
1212,2018-04-27,5209.493333333333
1213,2018-04-28,4704.096666666666
1214,2018-04-29,4589.860833333333
1215,2018-04-30,5111.464444444445
1216,2018-05-01,5039.001666666667
1217,2018-05-02,4429.178611111111
1218,2018-05-03,4535.823055555556
1219,2018-05-04,4799.065555555556
1220,2018-05-05,3993.954166666667
1221,2018-05-06,5474.052777777778
1222,2018-05-07,4780.575
1223,2018-05-08,4944.487777777777
1224,2018-05-09,5040.922222222222
1225,2018-05-10,4168.530277777778
1226,2018-05-11,4901.640555555556
1227,2018-05-12,4391.538055555556
1228,2018-05-13,4721.912777777778
1229,2018-05-14,4472.119166666666
1230,2018-05-15,4635.682777777778
1231,2018-05-16,4715.535
1232,2018-05-17,4726.623333333333
1233,2018-05-18,5160.0
1234,2018-05-19,4576.483888888889
1235,2018-05-20,4280.105
1236,2018-05-21,4302.6975
1237,2018-05-22,4846.013333333333
1238,2018-05-23,5152.178888888889
1239,2018-05-24,4101.131666666667
1240,2018-05-25,4665.415555555555
1241,2018-05-26,4475.0344444444445
1242,2018-05-27,4927.928333333333
1243,2018-05-28,3621.3458333333333
1244,2018-05-29,3796.3322222222223
1245,2018-05-30,4981.740555555555
1246,2018-05-31,4361.0425
1247,2018-06-01,4288.536388888889
1248,2018-06-02,4500.785
1249,2018-06-03,4124.110833333333
1250,2018-06-04,4209.098055555555
1251,2018-06-05,5196.767222222222
1252,2018-06-06,4367.485833333333
1253,2018-06-07,4313.086111111111
1254,2018-06-08,3423.211388888889
1255,2018-06-09,4201.655833333333
1256,2018-06-10,4134.035833333333
1257,2018-06-11,4877.681666666666
1258,2018-06-12,4446.897777777778
1259,2018-06-13,4428.727222222222
1260,2018-06-14,4951.041666666667
1261,2018-06-15,4403.406111111111
1262,2018-06-16,4284.648611111111
1263,2018-06-17,4634.108055555555
1264,2018-06-18,3787.9319444444445
1265,2018-06-19,3240.362222222222
1266,2018-06-20,3637.0155555555557
1267,2018-06-21,4517.321666666667
1268,2018-06-22,4753.642222222222
1269,2018-06-23,3813.781111111111
1270,2018-06-24,4506.7525
1271,2018-06-25,3986.6694444444443
1272,2018-06-26,4615.055833333333
1273,2018-06-27,4321.762222222223
1274,2018-06-28,4552.364722222223
1275,2018-06-29,3764.257777777778
1276,2018-06-30,3906.27
1277,2018-07-01,3698.615
1278,2018-07-02,4478.2861111111115
1279,2018-07-03,4036.4183333333335
1280,2018-07-04,4046.844722222222
1281,2018-07-05,4309.026666666667
1282,2018-07-06,4095.3933333333334
1283,2018-07-07,4322.9430555555555
1284,2018-07-08,4771.823333333334
1285,2018-07-09,3891.994166666667
1286,2018-07-10,4753.055555555556
1287,2018-07-11,4860.38
1288,2018-07-12,4237.008055555556
1289,2018-07-13,4601.406111111111
1290,2018-07-14,4656.4702777777775
1291,2018-07-15,4698.390555555556
1292,2018-07-16,3977.0758333333333
1293,2018-07-17,4181.035
1294,2018-07-18,4894.935
1295,2018-07-19,3805.808611111111
1296,2018-07-20,4238.104166666667
1297,2018-07-21,4189.442222222222
1298,2018-07-22,4425.46
1299,2018-07-23,4205.981944444445
1300,2018-07-24,3878.9819444444443
1301,2018-07-25,4025.96
1302,2018-07-26,3598.7458333333334
1303,2018-07-27,2578.617777777778
1304,2018-07-28,4283.083055555556
1305,2018-07-29,4664.7861111111115
1306,2018-07-30,4780.592777777778
1307,2018-07-31,4341.353611111111
1308,2018-08-01,4550.455555555555
1309,2018-08-02,4627.796666666667
1310,2018-08-03,4102.5680555555555
1311,2018-08-04,4324.431388888889
1312,2018-08-05,3176.8747222222223
1313,2018-08-06,4005.1380555555556
1314,2018-08-07,4302.497777777778
1315,2018-08-08,3466.76
1316,2018-08-09,4997.471666666666
1317,2018-08-10,4647.400833333333
1318,2018-08-11,4544.193888888889
1319,2018-08-12,3791.4575
1320,2018-08-13,4768.532222222222
1321,2018-08-14,4471.381944444444
1322,2018-08-15,4508.639166666667
1323,2018-08-16,4359.1575
1324,2018-08-17,4162.899444444444
1325,2018-08-18,3833.412222222222
1326,2018-08-19,4338.668333333333
1327,2018-08-20,4146.520833333333
1328,2018-08-21,4258.6738888888885
1329,2018-08-22,4247.307222222223
1330,2018-08-23,4233.896111111111
1331,2018-08-24,4366.339166666667
1332,2018-08-25,4697.6611111111115
1333,2018-08-26,4161.786944444444
1334,2018-08-27,4361.177222222223
1335,2018-08-28,4522.183055555555
1336,2018-08-29,4569.776666666667
1337,2018-08-30,4130.106666666667
1338,2018-08-31,4130.859444444444
1339,2018-09-01,3610.8280555555557
1340,2018-09-02,3735.599722222222
1341,2018-09-03,4708.328888888889
1342,2018-09-04,4731.410555555555
1343,2018-09-05,4650.209722222222
1344,2018-09-06,4372.583333333333
1345,2018-09-07,4401.089166666667
1346,2018-09-08,4173.408333333334
1347,2018-09-09,4327.316944444445
1348,2018-09-10,3836.795833333333
1349,2018-09-11,4366.298055555556
1350,2018-09-12,3800.634722222222
1351,2018-09-13,4728.187777777778
1352,2018-09-14,4775.99
1353,2018-09-15,4684.011111111111
1354,2018-09-16,4530.513333333333
1355,2018-09-17,5395.473333333333
1356,2018-09-18,4202.428888888889
1357,2018-09-19,5156.410555555555
1358,2018-09-20,4670.256111111111
1359,2018-09-21,4579.269722222222
1360,2018-09-22,5220.482222222222
1361,2018-09-23,4263.594444444445
1362,2018-09-24,4107.7575
1363,2018-09-25,4804.394444444444
1364,2018-09-26,3914.4552777777776
1365,2018-09-27,4157.603888888889
1366,2018-09-28,4395.778888888889
1367,2018-09-29,4995.253333333333
1368,2018-09-30,4911.322777777777
1369,2018-10-01,4063.5222222222224
1370,2018-10-02,3794.8130555555554
1371,2018-10-03,4788.232777777778
1372,2018-10-04,3906.659722222222
1373,2018-10-05,4006.7122222222224
1374,2018-10-06,3306.005
1375,2018-10-07,5422.196111111111
1376,2018-10-08,4976.266111111111
1377,2018-10-09,4318.443333333334
1378,2018-10-10,3535.493611111111
1379,2018-10-11,4575.113888888889
1380,2018-10-12,3465.4544444444446
1381,2018-10-13,4365.925555555556
1382,2018-10-14,4288.794166666667
1383,2018-10-15,4349.020555555556
1384,2018-10-16,4376.266666666666
1385,2018-10-17,4228.016666666666
1386,2018-10-18,3772.55
1387,2018-10-19,5533.972777777778
1388,2018-10-20,5062.717777777778
1389,2018-10-21,4928.414444444445
1390,2018-10-22,3508.5805555555557
1391,2018-10-23,4292.315833333333
1392,2018-10-24,4845.740555555555
1393,2018-10-25,4509.396388888889
1394,2018-10-26,4300.683333333333
1395,2018-10-27,5360.395555555556
1396,2018-10-28,4390.144166666667
1397,2018-10-29,4675.761111111111
1398,2018-10-30,4473.121666666667
1399,2018-10-31,3684.4041666666667
1400,2018-11-01,3928.531388888889
1401,2018-11-02,4028.965
1402,2018-11-03,4825.873333333333
1403,2018-11-04,3758.405
1404,2018-11-05,4473.1547222222225
1405,2018-11-06,4012.306666666667
1406,2018-11-07,4313.24
1407,2018-11-08,4144.766666666666
1408,2018-11-09,4128.049166666667
1409,2018-11-10,5218.8694444444445
1410,2018-11-11,5163.345
1411,2018-11-12,5294.651666666667
1412,2018-11-13,4056.8444444444444
1413,2018-11-14,4169.809722222222
1414,2018-11-15,4845.445555555556
1415,2018-11-16,4718.595
1416,2018-11-17,5395.225555555556
1417,2018-11-18,4734.447222222222
1418,2018-11-19,4127.927222222223
1419,2018-11-20,5450.232222222222
1420,2018-11-21,4549.967777777778
1421,2018-11-22,4821.15
1422,2018-11-23,4468.609166666667
1423,2018-11-24,4797.836666666667
1424,2018-11-25,4788.95
1425,2018-11-26,4385.7525
1426,2018-11-27,4724.984444444444
1427,2018-11-28,5051.144444444444
1428,2018-11-29,4512.635555555556
1429,2018-11-30,4065.4952777777776
1430,2018-12-01,4281.561111111111
1431,2018-12-02,5199.266111111111
1432,2018-12-03,4118.296388888889
1433,2018-12-04,5222.528888888889
1434,2018-12-05,5259.967777777778
1435,2018-12-06,4702.793888888889
1436,2018-12-07,3848.236388888889
1437,2018-12-08,4155.228888888889
1438,2018-12-09,4753.261111111111
1439,2018-12-10,4678.722222222223
1440,2018-12-11,4186.899166666667
1441,2018-12-12,4188.281388888889
1442,2018-12-13,4390.636944444444
1443,2018-12-14,4542.858611111111
1444,2018-12-15,4754.689444444444
1445,2018-12-16,5180.671111111111
1446,2018-12-17,4744.6483333333335
1447,2018-12-18,5468.168333333333
1448,2018-12-19,5007.942777777777
1449,2018-12-20,5219.233888888889
1450,2018-12-21,5235.543888888889
1451,2018-12-22,4952.201666666667
1452,2018-12-23,4915.928333333333
1453,2018-12-24,4598.019166666667
1454,2018-12-25,4802.006666666667
1455,2018-12-26,4956.990555555555
1456,2018-12-27,4978.538333333333
1457,2018-12-28,4806.171111111111
1458,2018-12-29,4311.2011111111115
1459,2018-12-30,4679.807777777778
1460,2018-12-31,4995.012222222223
1461,2019-01-01,4973.621666666667
1462,2019-01-02,4799.113888888889
1463,2019-01-03,4701.524444444444
1464,2019-01-04,5067.802222222223
1465,2019-01-05,5372.935555555556
1466,2019-01-06,5087.985
1467,2019-01-07,4604.760555555556
1468,2019-01-08,5105.921111111111
1469,2019-01-09,4755.413333333333
1470,2019-01-10,4710.252777777778
1471,2019-01-11,4649.680555555556
1472,2019-01-12,5583.612222222222
1473,2019-01-13,4996.670555555555
1474,2019-01-14,4779.157222222222
1475,2019-01-15,4885.918333333333
1476,2019-01-16,5513.435
1477,2019-01-17,4301.237222222222
1478,2019-01-18,5286.050555555556
1479,2019-01-19,5211.422222222222
1480,2019-01-20,5132.536666666667
1481,2019-01-21,5176.748888888889
1482,2019-01-22,4873.6288888888885
1483,2019-01-23,4804.458333333333
1484,2019-01-24,5013.495555555555
1485,2019-01-25,4964.54
1486,2019-01-26,4748.011111111111
1487,2019-01-27,4805.814444444444
1488,2019-01-28,4956.609444444444
1489,2019-01-29,4197.232222222222
1490,2019-01-30,4769.297222222222
1491,2019-01-31,4734.8261111111115
1492,2019-02-01,5709.472222222223
1493,2019-02-02,4951.749444444445
1494,2019-02-03,4837.349444444444
1495,2019-02-04,4483.363333333334
1496,2019-02-05,4994.164444444445
1497,2019-02-06,5070.543888888889
1498,2019-02-07,5029.443888888889
1499,2019-02-08,4635.834444444445
1500,2019-02-09,5024.237222222222
1501,2019-02-10,6000.956666666667
1502,2019-02-11,5785.750555555555
1503,2019-02-12,5371.932777777778
1504,2019-02-13,5230.816111111111
1505,2019-02-14,5038.818333333334
1506,2019-02-15,5045.809444444444
1507,2019-02-16,5188.355555555556
1508,2019-02-17,5603.181111111111
1509,2019-02-18,5338.392222222222
1510,2019-02-19,5510.375555555555
1511,2019-02-20,5554.696111111111
1512,2019-02-21,5312.306111111111
1513,2019-02-22,4876.232222222222
1514,2019-02-23,4871.165555555555
1515,2019-02-24,5260.316111111111
1516,2019-02-25,4194.5616666666665
1517,2019-02-26,3912.695833333333
1518,2019-02-27,4168.1386111111115
1519,2019-02-28,4632.661666666667
1520,2019-03-01,5247.207222222222
1521,2019-03-02,5290.312777777778
1522,2019-03-03,4289.543611111111
1523,2019-03-04,4586.428055555555
1524,2019-03-05,5719.9766666666665
1525,2019-03-06,4685.581666666667
1526,2019-03-07,5453.475555555556
1527,2019-03-08,4949.976111111111
1528,2019-03-09,5222.08
1529,2019-03-10,5241.7988888888885
1530,2019-03-11,5301.043333333333
1531,2019-03-12,5119.375
1532,2019-03-13,5469.621666666667
1533,2019-03-14,4930.841111111111
1534,2019-03-15,4989.795
1535,2019-03-16,4008.8255555555556
1536,2019-03-17,5547.057222222223
1537,2019-03-18,5490.376666666667
1538,2019-03-19,4791.85
1539,2019-03-20,5161.7861111111115
1540,2019-03-21,5215.312777777778
1541,2019-03-22,4068.038888888889
1542,2019-03-23,5595.961111111111
1543,2019-03-24,4719.809444444444
1544,2019-03-25,4432.683055555555
1545,2019-03-26,5931.9094444444445
1546,2019-03-27,5828.985555555556
1547,2019-03-28,5062.571666666667
1548,2019-03-29,5181.348333333333
1549,2019-03-30,5493.914444444445
1550,2019-03-31,4276.324722222223
1551,2019-04-01,5356.665
1552,2019-04-02,4386.457222222222
1553,2019-04-03,6097.926666666666
1554,2019-04-04,4484.609722222222
1555,2019-04-05,4319.222222222223
1556,2019-04-06,4608.04
1557,2019-04-07,5503.426666666666
1558,2019-04-08,5194.831666666667
1559,2019-04-09,5521.218888888889
1560,2019-04-10,5036.673333333333
1561,2019-04-11,3758.2472222222223
1562,2019-04-12,4683.281111111111
1563,2019-04-13,4614.091388888889
1564,2019-04-14,4021.534166666667
1565,2019-04-15,5923.091666666666
1566,2019-04-16,4216.625277777778
1567,2019-04-17,5320.000555555555
1568,2019-04-18,3532.4169444444447
1569,2019-04-19,4436.728611111111
1570,2019-04-20,4318.763888888889
1571,2019-04-21,4900.716111111111
1572,2019-04-22,4865.943888888889
1573,2019-04-23,5329.518888888889
1574,2019-04-24,4881.924444444445
1575,2019-04-25,4851.528333333334
1576,2019-04-26,4503.051666666666
1577,2019-04-27,5636.417222222222
1578,2019-04-28,4874.4238888888885
1579,2019-04-29,4701.952222222222
1580,2019-04-30,5122.858333333334
1581,2019-05-01,5256.501666666667
1582,2019-05-02,5312.087222222222
1583,2019-05-03,5041.492222222222
1584,2019-05-04,4441.983333333334
1585,2019-05-05,4773.616666666667
1586,2019-05-06,4934.432777777778
1587,2019-05-07,5320.447222222222
1588,2019-05-08,4949.794444444445
1589,2019-05-09,3715.5616666666665
1590,2019-05-10,5045.3405555555555
1591,2019-05-11,4760.598888888889
1592,2019-05-12,4984.957777777778
1593,2019-05-13,4156.220833333334
1594,2019-05-14,4282.539444444445
1595,2019-05-15,5096.200555555555
1596,2019-05-16,3278.8519444444446
1597,2019-05-17,5123.387222222223
1598,2019-05-18,5374.376111111111
1599,2019-05-19,5084.933888888889
1600,2019-05-20,4739.1322222222225
1601,2019-05-21,4460.543888888889
1602,2019-05-22,4831.678888888889
1603,2019-05-23,5086.810555555556
1604,2019-05-24,4659.759444444445
1605,2019-05-25,4555.775555555556
1606,2019-05-26,4158.980277777778
1607,2019-05-27,4453.6466666666665
1608,2019-05-28,4684.4366666666665
1609,2019-05-29,4056.0955555555556
1610,2019-05-30,4450.431111111111
1611,2019-05-31,3977.9466666666667
1612,2019-06-01,4279.9575
1613,2019-06-02,4329.134444444445
1614,2019-06-03,4630.199166666666
1615,2019-06-04,4717.329444444445
1616,2019-06-05,3749.8533333333335
1617,2019-06-06,3408.295
1618,2019-06-07,3118.3866666666668
1619,2019-06-08,5074.624444444445
1620,2019-06-09,4986.5233333333335
1621,2019-06-10,4228.946111111111
1622,2019-06-11,3967.8905555555557
1623,2019-06-12,4553.767777777778
1624,2019-06-13,4131.071666666667
1625,2019-06-14,4015.860833333333
1626,2019-06-15,4764.56
1627,2019-06-16,3204.9147222222223
1628,2019-06-17,4971.974444444444
1629,2019-06-18,4509.067777777777
1630,2019-06-19,4433.891666666666
1631,2019-06-20,3909.6719444444443
1632,2019-06-21,4513.7155555555555
1633,2019-06-22,3762.7519444444442
1634,2019-06-23,4264.611944444445
1635,2019-06-24,3706.0419444444447
1636,2019-06-25,4810.848888888889
1637,2019-06-26,3859.3552777777777
1638,2019-06-27,4766.17
1639,2019-06-28,4721.3694444444445
1640,2019-06-29,4466.919166666667
1641,2019-06-30,3763.2430555555557
1642,2019-07-01,4407.611666666667
1643,2019-07-02,4188.208888888889
1644,2019-07-03,4091.6780555555556
1645,2019-07-04,3977.0872222222224
1646,2019-07-05,4384.175833333334
1647,2019-07-06,4640.019722222222
1648,2019-07-07,3137.173333333333
1649,2019-07-08,4062.6169444444445
1650,2019-07-09,4117.343333333333
1651,2019-07-10,3469.023888888889
1652,2019-07-11,3823.8130555555554
1653,2019-07-12,4085.2775
1654,2019-07-13,4566.241666666667
1655,2019-07-14,3263.9630555555555
1656,2019-07-15,4409.933333333333
1657,2019-07-16,5117.939444444444
1658,2019-07-17,4156.902222222222
1659,2019-07-18,4373.671666666667
1660,2019-07-19,3478.806666666667
1661,2019-07-20,4240.416944444444
1662,2019-07-21,4381.790277777778
1663,2019-07-22,4252.949444444444
1664,2019-07-23,4581.676666666666
1665,2019-07-24,4755.079444444445
1666,2019-07-25,3968.858888888889
1667,2019-07-26,4012.0844444444447
1668,2019-07-27,4093.478888888889
1669,2019-07-28,3407.0672222222224
1670,2019-07-29,3899.7038888888887
1671,2019-07-30,4482.938055555555
1672,2019-07-31,4453.2266666666665
1673,2019-08-01,3652.2477777777776
1674,2019-08-02,4044.402222222222
1675,2019-08-03,4369.631388888889
1676,2019-08-04,4457.485833333333
1677,2019-08-05,4490.169444444445
1678,2019-08-06,4502.9638888888885
1679,2019-08-07,4280.667777777778
1680,2019-08-08,4002.891111111111
1681,2019-08-09,4720.438888888889
1682,2019-08-10,4311.934166666667
1683,2019-08-11,4635.514722222222
1684,2019-08-12,4724.187777777778
1685,2019-08-13,4900.658888888889
1686,2019-08-14,5106.982777777778
1687,2019-08-15,4983.581111111111
1688,2019-08-16,4422.062777777778
1689,2019-08-17,4130.399722222222
1690,2019-08-18,3500.8441666666668
1691,2019-08-19,4447.832222222222
1692,2019-08-20,3829.971111111111
1693,2019-08-21,4389.785
1694,2019-08-22,4536.291111111111
1695,2019-08-23,3641.1058333333335
1696,2019-08-24,3390.9997222222223
1697,2019-08-25,4464.506388888889
1698,2019-08-26,4436.057222222223
1699,2019-08-27,4639.549166666667
1700,2019-08-28,4848.048333333333
1701,2019-08-29,3790.032222222222
1702,2019-08-30,4154.156388888889
1703,2019-08-31,4821.1483333333335
1704,2019-09-01,5195.388333333333
1705,2019-09-02,4056.8591666666666
1706,2019-09-03,4561.557222222223
1707,2019-09-04,4234.508888888889
1708,2019-09-05,4588.241666666667
1709,2019-09-06,4758.03
1710,2019-09-07,4305.243611111111
1711,2019-09-08,4094.6869444444446
1712,2019-09-09,3590.286666666667
1713,2019-09-10,4469.524722222222
1714,2019-09-11,4596.183888888889
1715,2019-09-12,3937.706111111111
1716,2019-09-13,4092.873888888889
1717,2019-09-14,4420.982222222222
1718,2019-09-15,4537.9638888888885
1719,2019-09-16,3997.913888888889
1720,2019-09-17,4579.021111111111
1721,2019-09-18,4288.991388888889
1722,2019-09-19,4463.732777777778
1723,2019-09-20,5065.696111111111
1724,2019-09-21,4598.375
1725,2019-09-22,5140.992222222222
1726,2019-09-23,4676.459444444445
1727,2019-09-24,4704.822777777777
1728,2019-09-25,4472.455833333333
1729,2019-09-26,4514.213055555556
1730,2019-09-27,4433.5136111111115
1731,2019-09-28,5038.1883333333335
1732,2019-09-29,3881.1341666666667
1733,2019-09-30,4717.544444444445
1734,2019-10-01,5137.706666666667
1735,2019-10-02,4560.91
1736,2019-10-03,4655.666388888889
1737,2019-10-04,4212.850555555556
1738,2019-10-05,5219.055
1739,2019-10-06,3923.4183333333335
1740,2019-10-07,4878.247777777778
1741,2019-10-08,4978.881111111111
1742,2019-10-09,3842.179166666667
1743,2019-10-10,4548.089722222222
1744,2019-10-11,4691.096666666666
1745,2019-10-12,5052.286666666667
1746,2019-10-13,5260.303333333333
1747,2019-10-14,3827.5430555555554
1748,2019-10-15,4511.6883333333335
1749,2019-10-16,4037.396388888889
1750,2019-10-17,4171.075
1751,2019-10-18,4736.468888888889
1752,2019-10-19,4509.733611111111
1753,2019-10-20,3122.3444444444444
1754,2019-10-21,4902.837222222222
1755,2019-10-22,4448.583333333333
1756,2019-10-23,3413.9172222222223
1757,2019-10-24,4768.783888888889
1758,2019-10-25,5273.785555555555
1759,2019-10-26,4268.465
1760,2019-10-27,4140.354722222222
1761,2019-10-28,3378.8416666666667
1762,2019-10-29,5082.658333333334
1763,2019-10-30,5254.913888888889
1764,2019-10-31,4314.513333333333
1765,2019-11-01,5249.908888888889
1766,2019-11-02,4362.267222222222
1767,2019-11-03,4252.263333333333
1768,2019-11-04,4617.975277777778
1769,2019-11-05,4282.075555555555
1770,2019-11-06,4995.678333333333
1771,2019-11-07,3959.5880555555555
1772,2019-11-08,4592.054166666667
1773,2019-11-09,4385.136388888889
1774,2019-11-10,4335.615833333333
1775,2019-11-11,4133.581944444444
1776,2019-11-12,3485.6216666666664
1777,2019-11-13,5486.190555555556
1778,2019-11-14,3876.3905555555557
1779,2019-11-15,3760.4519444444445
1780,2019-11-16,4502.791388888889
1781,2019-11-17,4840.783333333334
1782,2019-11-18,5522.792222222222
1783,2019-11-19,5066.772777777778
1784,2019-11-20,3563.5661111111112
1785,2019-11-21,4107.370833333333
1786,2019-11-22,5084.262222222223
1787,2019-11-23,5117.107222222222
1788,2019-11-24,4992.67
1789,2019-11-25,4388.183333333333
1790,2019-11-26,3944.4455555555555
1791,2019-11-27,4709.272222222222
1792,2019-11-28,4647.113888888889
1793,2019-11-29,5011.349444444444
1794,2019-11-30,4687.8516666666665
1795,2019-12-01,4478.940277777778
1796,2019-12-02,4605.551944444444
1797,2019-12-03,4707.235
1798,2019-12-04,4678.541111111111
1799,2019-12-05,4544.7427777777775
1800,2019-12-06,4528.075
1801,2019-12-07,4347.190277777778
1802,2019-12-08,5081.013333333333
1803,2019-12-09,4902.268333333333
1804,2019-12-10,4504.466111111111
1805,2019-12-11,4828.056111111111
1806,2019-12-12,4511.9430555555555
1807,2019-12-13,4158.5888888888885
1808,2019-12-14,5074.827777777778
1809,2019-12-15,4496.076666666667
1810,2019-12-16,4825.283888888889
1811,2019-12-17,4957.415
1812,2019-12-18,4014.387222222222
1813,2019-12-19,5151.993333333333
1814,2019-12-20,5251.516111111111
1815,2019-12-21,4745.335
1816,2019-12-22,5200.9672222222225
1817,2019-12-23,5076.211666666667
1818,2019-12-24,4789.42
1819,2019-12-25,4625.867222222222
1820,2019-12-26,5316.044444444445
1821,2019-12-27,4732.932777777778
1822,2019-12-28,5547.601111111111
1823,2019-12-29,5093.540555555555
1824,2019-12-30,5173.972777777778
1825,2019-12-31,5073.110555555556
1918,2020-01-01,4969.907222222222
1919,2020-01-02,4596.894166666667
1920,2020-01-03,5756.31
1921,2020-01-04,5557.83
1922,2020-01-05,5043.709444444445
1923,2020-01-06,4521.512777777778
1924,2020-01-07,4726.679444444444
1925,2020-01-08,4960.8983333333335
1926,2020-01-09,4589.631944444444
1927,2020-01-10,4838.565555555556
1928,2020-01-11,5043.1466666666665
1929,2020-01-12,5219.211666666667
1930,2020-01-13,5315.5633333333335
1931,2020-01-14,5489.681666666666
1932,2020-01-15,4733.445555555556
1933,2020-01-16,5313.115555555555
1934,2020-01-17,5304.432777777778
1935,2020-01-18,5187.981111111111
1936,2020-01-19,3633.301111111111
1937,2020-01-20,5094.428888888889
1938,2020-01-21,5153.011111111111
1939,2020-01-22,5760.2861111111115
1940,2020-01-23,5781.006111111111
1941,2020-01-24,6189.415555555555
1942,2020-01-25,6201.344444444445
1943,2020-01-26,6270.037222222222
1944,2020-01-27,5906.199444444444
1945,2020-01-28,5729.891111111111
1946,2020-01-29,5755.439444444444
1947,2020-01-30,5683.741111111111
1948,2020-01-31,4833.794444444445
1949,2020-02-01,5054.451666666667
1950,2020-02-02,5069.745555555555
1951,2020-02-03,5077.949444444444
1952,2020-02-04,5138.072777777777
1953,2020-02-05,4626.503611111111
1954,2020-02-06,4808.466111111111
1955,2020-02-07,5827.470555555556
1956,2020-02-08,5327.188888888889
1957,2020-02-09,4788.487222222222
1958,2020-02-10,5275.182222222223
1959,2020-02-11,6196.842777777778
1960,2020-02-12,5052.79
1961,2020-02-13,5216.173333333333
1962,2020-02-14,5470.502777777778
1963,2020-02-15,5833.326666666667
1964,2020-02-16,5452.8388888888885
1965,2020-02-17,4725.335
1966,2020-02-18,5186.4366666666665
1967,2020-02-19,5485.469444444445
1968,2020-02-20,5241.506111111111
1969,2020-02-21,5192.332777777778
1970,2020-02-22,5454.693888888889
1971,2020-02-23,5790.191111111111
1972,2020-02-24,5707.037222222222
1973,2020-02-25,5436.213333333333
1974,2020-02-26,4482.260277777777
1975,2020-02-27,5345.816111111111
1976,2020-02-28,5391.086111111111
1977,2020-02-29,5905.168333333333
1978,2020-03-01,5200.045
1979,2020-03-02,5146.79
1980,2020-03-03,5623.567777777777
1981,2020-03-04,5221.037777777778
1982,2020-03-05,5463.722222222223
1983,2020-03-06,5323.482777777778
1984,2020-03-07,4261.251388888889
1985,2020-03-08,5767.426111111111
1986,2020-03-09,5484.418888888889
1987,2020-03-10,5246.286666666667
1988,2020-03-11,4741.821666666667
1989,2020-03-12,5297.106666666667
1990,2020-03-13,5154.372222222222
1991,2020-03-14,4993.289444444445
1992,2020-03-15,5581.154444444444
1993,2020-03-16,5844.865
1994,2020-03-17,5134.075555555555
1995,2020-03-18,5339.183333333333
1996,2020-03-19,4630.6738888888885
1997,2020-03-20,3620.6052777777777
1998,2020-03-21,5387.833888888889
1999,2020-03-22,5229.912777777778
2000,2020-03-23,5470.75
2001,2020-03-24,5150.054444444444
2002,2020-03-25,5081.917777777778
2003,2020-03-26,5033.170555555555
2004,2020-03-27,5615.926666666666
2005,2020-03-28,6002.787777777778
2006,2020-03-29,4738.764444444444
2007,2020-03-30,5055.219444444445
2008,2020-03-31,5733.927777777778
2009,2020-04-01,4663.559444444444
2010,2020-04-02,6230.22
2011,2020-04-03,5046.727777777778
2012,2020-04-04,3674.3933333333334
2013,2020-04-05,6106.206666666667
2014,2020-04-06,5831.651666666667
2015,2020-04-07,6233.291111111111
2016,2020-04-08,5023.637777777778
2017,2020-04-09,4666.959444444445
2018,2020-04-10,5662.841666666666
2019,2020-04-11,3609.541111111111
2020,2020-04-12,5990.487777777777
2021,2020-04-13,5174.715
2022,2020-04-14,5363.783333333334
2023,2020-04-15,5285.225
2024,2020-04-16,4386.0680555555555
2025,2020-04-17,4317.508888888889
2026,2020-04-18,5505.960555555555
2027,2020-04-19,4795.190555555556
2028,2020-04-20,3662.693333333333
2029,2020-04-21,5724.536666666667
2030,2020-04-22,4960.952222222222
2031,2020-04-23,5755.831666666667
2032,2020-04-24,5256.017777777778
2033,2020-04-25,4603.246944444444
2034,2020-04-26,4973.782222222222
2035,2020-04-27,4679.202222222222
2036,2020-04-28,4949.290555555555
2037,2020-04-29,5003.910555555555
2038,2020-04-30,4939.613888888889
2039,2020-05-01,5673.245555555555
2040,2020-05-02,4691.951666666667
2041,2020-05-03,5125.655555555555
2042,2020-05-04,5222.078333333333
2043,2020-05-05,5141.524444444444
2044,2020-05-06,4498.695
2045,2020-05-07,4420.8075
2046,2020-05-08,3528.1316666666667
2047,2020-05-09,4917.8533333333335
2048,2020-05-10,4680.25
2049,2020-05-11,3843.6925
2050,2020-05-12,4696.352777777778
2051,2020-05-13,3837.99
2052,2020-05-14,5605.137222222223
2053,2020-05-15,5159.472777777778
2054,2020-05-16,4670.873888888889
2055,2020-05-17,4971.647777777778
2056,2020-05-18,4854.328888888889
2057,2020-05-19,4281.580555555555
2058,2020-05-20,4564.045555555555
2059,2020-05-21,4843.73
2060,2020-05-22,3507.701666666667
2061,2020-05-23,4106.863055555556
2062,2020-05-24,4307.260277777777
2063,2020-05-25,4306.796944444444
2064,2020-05-26,5013.738888888889
2065,2020-05-27,4738.442777777777
2066,2020-05-28,4466.782222222222
2067,2020-05-29,4654.0586111111115
2068,2020-05-30,4753.868888888889
2069,2020-05-31,4285.428055555555
2070,2020-06-01,4721.877222222222
2071,2020-06-02,4980.872777777778
2072,2020-06-03,4741.503333333333
2073,2020-06-04,4898.012222222223
2074,2020-06-05,4770.916666666667
2075,2020-06-06,4966.388888888889
2076,2020-06-07,4622.913888888889
2077,2020-06-08,4366.0575
2078,2020-06-09,3538.9041666666667
2079,2020-06-10,4579.7266666666665
2080,2020-06-11,4363.344166666667
2081,2020-06-12,4202.343055555555
2082,2020-06-13,4570.7138888888885
2083,2020-06-14,4614.7988888888885
2084,2020-06-15,4938.014444444444
2085,2020-06-16,4268.149166666667
2086,2020-06-17,3594.6066666666666
2087,2020-06-18,3988.487777777778
2088,2020-06-19,4426.393055555555
2089,2020-06-20,4289.770555555556
2090,2020-06-21,4262.165
2091,2020-06-22,4910.191666666667
2092,2020-06-23,4901.971111111111
2093,2020-06-24,4340.668333333333
2094,2020-06-25,4478.991388888889
2095,2020-06-26,4202.816111111111
2096,2020-06-27,4131.564166666667
2097,2020-06-28,4707.858333333334
2098,2020-06-29,3673.86
2099,2020-06-30,3880.3366666666666
2100,2020-07-01,4816.458888888889
2101,2020-07-02,4737.316111111111
2102,2020-07-03,4251.392777777778
2103,2020-07-04,4297.623888888889
2104,2020-07-05,4417.848888888889
2105,2020-07-06,4292.726111111111
2106,2020-07-07,2709.6469444444447
2107,2020-07-08,4493.044444444445
2108,2020-07-09,4550.374444444445
2109,2020-07-10,2343.7808333333332
2110,2020-07-11,4343.151666666667
2111,2020-07-12,4187.827777777778
2112,2020-07-13,3864.8930555555557
2113,2020-07-14,3695.6369444444445
2114,2020-07-15,3503.325
2115,2020-07-16,4289.556111111111
2116,2020-07-17,4366.114722222223
2117,2020-07-18,4365.7275
2118,2020-07-19,4054.938888888889
2119,2020-07-20,3904.953611111111
2120,2020-07-21,4389.408611111111
2121,2020-07-22,4680.36
2122,2020-07-23,4658.905555555555
2123,2020-07-24,4343.761388888889
2124,2020-07-25,4505.224722222222
2125,2020-07-26,3847.5705555555555
2126,2020-07-27,4453.390833333333
2127,2020-07-28,4075.8683333333333
2128,2020-07-29,4367.126388888889
2129,2020-07-30,3055.5230555555554
2130,2020-07-31,4477.210277777778
2131,2020-08-01,4909.6738888888885
2132,2020-08-02,4725.816111111111
2133,2020-08-03,4730.400555555556
2134,2020-08-04,3544.4966666666664
2135,2020-08-05,4422.34
2136,2020-08-06,4142.8388888888885
2137,2020-08-07,4711.605
2138,2020-08-08,4391.6775
2139,2020-08-09,4555.751944444444
2140,2020-08-10,4341.235277777778
2141,2020-08-11,4430.0216666666665
2142,2020-08-12,4810.443333333334
2143,2020-08-13,4832.262222222223
2144,2020-08-14,5117.513888888889
2145,2020-08-15,4805.108333333334
2146,2020-08-16,4779.2555555555555
2147,2020-08-17,4414.69
2148,2020-08-18,4586.578888888889
2149,2020-08-19,4549.8613888888885
2150,2020-08-20,3305.828611111111
2151,2020-08-21,4058.8544444444447
2152,2020-08-22,4556.466388888889
2153,2020-08-23,4162.4047222222225
2154,2020-08-24,3513.47
2155,2020-08-25,4442.839444444445
2156,2020-08-26,4531.959444444445
2157,2020-08-27,3995.9933333333333
2158,2020-08-28,3652.401388888889
2159,2020-08-29,4744.376666666667
2160,2020-08-30,4419.684722222222
2161,2020-08-31,4640.09
2162,2020-09-01,4123.491944444444
2163,2020-09-02,4288.923611111111
2164,2020-09-03,4341.944444444444
2165,2020-09-04,4147.529166666666
2166,2020-09-05,3590.528888888889
2167,2020-09-06,3295.9538888888887
2168,2020-09-07,4615.470833333334
2169,2020-09-08,3731.4655555555555
2170,2020-09-09,4668.705
2171,2020-09-10,4783.623888888889
2172,2020-09-11,4247.3452777777775
2173,2020-09-12,3329.273611111111
2174,2020-09-13,4348.171388888889
2175,2020-09-14,3702.7477777777776
2176,2020-09-15,3970.4158333333335
2177,2020-09-16,4844.973333333333
2178,2020-09-17,4711.838333333333
2179,2020-09-18,3865.998888888889
2180,2020-09-19,4710.918888888889
2181,2020-09-20,3308.891666666667
2182,2020-09-21,4941.4766666666665
2183,2020-09-22,4911.461111111111
2184,2020-09-23,3004.723611111111
2185,2020-09-24,4905.013333333333
2186,2020-09-25,4327.2525
2187,2020-09-26,3871.924722222222
2188,2020-09-27,4656.071944444445
2189,2020-09-28,3076.094722222222
2190,2020-09-29,3811.8727777777776
2191,2020-09-30,5072.127222222222
1826,2020-10-01,4340.6975
1827,2020-10-02,4384.111111111111
1828,2020-10-03,3943.369722222222
1829,2020-10-04,4960.824444444444
1830,2020-10-05,4770.33
1831,2020-10-06,3587.5030555555554
1832,2020-10-07,4608.960555555555
1833,2020-10-08,4755.791111111111
1834,2020-10-09,4744.853888888889
1835,2020-10-10,4297.811388888889
1836,2020-10-11,4287.791944444444
1837,2020-10-12,4749.936111111111
1838,2020-10-13,4449.4975
1839,2020-10-14,4377.575833333333
1840,2020-10-15,4515.432222222223
1841,2020-10-16,4185.855
1842,2020-10-17,3990.073611111111
1843,2020-10-18,4485.436388888889
1844,2020-10-19,4440.739722222223
1845,2020-10-20,4545.920833333334
1846,2020-10-21,4090.8316666666665
1847,2020-10-22,4800.083888888889
1848,2020-10-23,3291.217222222222
1849,2020-10-24,4238.946666666667
1850,2020-10-25,3367.5380555555557
1851,2020-10-26,4965.135
1852,2020-10-27,4314.693333333334
1853,2020-10-28,5158.698333333334
1854,2020-10-29,3836.970277777778
1855,2020-10-30,5165.550555555556
1856,2020-10-31,4597.419166666667
1857,2020-11-01,4048.6427777777776
1858,2020-11-02,3694.6297222222224
1859,2020-11-03,5039.575555555555
1860,2020-11-04,4826.802777777778
1861,2020-11-05,4165.465
1862,2020-11-06,5020.300555555556
1863,2020-11-07,4585.834722222222
1864,2020-11-08,5396.616666666667
1865,2020-11-09,4973.802222222223
1866,2020-11-10,4508.900833333333
1867,2020-11-11,4587.5075
1868,2020-11-12,4841.511666666666
1869,2020-11-13,4911.225
1870,2020-11-14,4564.196944444445
1871,2020-11-15,4923.61
1872,2020-11-16,4849.431111111111
1873,2020-11-17,4738.648888888889
1874,2020-11-18,5110.901111111111
1875,2020-11-19,4465.2275
1876,2020-11-20,4693.828333333333
1877,2020-11-21,4274.901111111111
1878,2020-11-22,4707.651666666667
1879,2020-11-23,4470.517777777778
1880,2020-11-24,4596.520555555556
1881,2020-11-25,4557.429444444444
1882,2020-11-26,4871.206111111111
1883,2020-11-27,4958.2827777777775
1884,2020-11-28,4974.937222222222
1885,2020-11-29,5727.847777777778
1886,2020-11-30,5283.888888888889
1887,2020-12-01,4939.3677777777775
1888,2020-12-02,5355.027777777777
1889,2020-12-03,4704.516111111111
1890,2020-12-04,4801.581111111111
1891,2020-12-05,5061.306666666666
1892,2020-12-06,4660.006111111111
1893,2020-12-07,4246.007777777778
1894,2020-12-08,5339.646111111111
1895,2020-12-09,5257.262777777778
1896,2020-12-10,4724.632777777778
1897,2020-12-11,4494.7202777777775
1898,2020-12-12,4667.357222222222
1899,2020-12-13,4469.044166666667
1900,2020-12-14,4879.109444444444
1901,2020-12-15,4775.317222222222
1902,2020-12-16,5064.804444444444
1903,2020-12-17,5180.571111111111
1904,2020-12-18,4737.208888888889
1905,2020-12-19,4860.057222222223
1906,2020-12-20,5024.037777777778
1907,2020-12-21,5237.496666666667
1908,2020-12-22,5025.750555555555
1909,2020-12-23,4823.195555555556
1910,2020-12-24,4678.387777777778
1911,2020-12-25,4915.081111111111
1912,2020-12-26,5165.600555555556
1913,2020-12-27,5553.462222222222
1914,2020-12-28,5086.462777777778
1915,2020-12-29,5044.017222222222
1916,2020-12-30,5006.192777777777
1917,2020-12-31,4950.725
2284,2021-01-01,4460.416944444444
2285,2021-01-02,5173.828333333333
2286,2021-01-03,5211.066666666667
2287,2021-01-04,4829.573333333334
2288,2021-01-05,4827.687222222222
2289,2021-01-06,4675.843888888889
2290,2021-01-07,5326.047222222222
2291,2021-01-08,5017.878333333333
2292,2021-01-09,5409.586666666667
2293,2021-01-10,5603.567222222222
2294,2021-01-11,5399.178888888889
2295,2021-01-12,4975.079444444445
2296,2021-01-13,4807.021111111111
2297,2021-01-14,4919.628333333333
2298,2021-01-15,5411.153333333334
2299,2021-01-16,5226.205
2300,2021-01-17,4987.46
2301,2021-01-18,4646.569166666667
2302,2021-01-19,5068.798333333333
2303,2021-01-20,5919.454444444445
2304,2021-01-21,6015.706111111111
2305,2021-01-22,5542.922777777778
2306,2021-01-23,5587.862222222222
2307,2021-01-24,5637.197222222222
2308,2021-01-25,5241.711111111111
2309,2021-01-26,5414.863333333334
2310,2021-01-27,5202.675
2311,2021-01-28,5085.5
2312,2021-01-29,5186.162222222222
2313,2021-01-30,5424.317222222222
2314,2021-01-31,5549.149444444444
2315,2021-02-01,5208.094444444445
2316,2021-02-02,5292.642222222222
2317,2021-02-03,5080.243888888889
2318,2021-02-04,5311.916111111111
2319,2021-02-05,5231.238333333334
2320,2021-02-06,5070.832222222222
2321,2021-02-07,4994.614444444444
2322,2021-02-08,5390.217777777778
2323,2021-02-09,5318.97
2324,2021-02-10,5493.84
2325,2021-02-11,5931.823888888889
2326,2021-02-12,5645.706111111111
2327,2021-02-13,5432.091666666666
2328,2021-02-14,5277.666666666667
2329,2021-02-15,5250.7283333333335
2330,2021-02-16,5980.516666666666
2331,2021-02-17,6429.399444444444
2332,2021-02-18,6371.023888888889
2333,2021-02-19,5708.058888888889
2334,2021-02-20,5241.782222222222
2335,2021-02-21,5357.55
2336,2021-02-22,5203.182222222223
2337,2021-02-23,5126.096666666666
2338,2021-02-24,5059.322222222222
2339,2021-02-25,5783.061111111111
2340,2021-02-26,5453.681666666666
2341,2021-02-27,5115.608888888889
2342,2021-02-28,5369.586111111111
2343,2021-03-01,5712.882777777778
2344,2021-03-02,5503.669444444445
2345,2021-03-03,5823.428888888889
2346,2021-03-04,5677.943888888889
2347,2021-03-05,5228.582777777778
2348,2021-03-06,5466.743888888889
2349,2021-03-07,5498.233333333334
2350,2021-03-08,5404.8533333333335
2351,2021-03-09,5367.57
2352,2021-03-10,5112.623333333333
2353,2021-03-11,5353.086111111111
2354,2021-03-12,5002.041111111111
2355,2021-03-13,5004.977777777778
2356,2021-03-14,5137.776111111111
2357,2021-03-15,4448.457222222222
2358,2021-03-16,5738.643333333333
2359,2021-03-17,4841.287222222222
2360,2021-03-18,5054.223888888889
2361,2021-03-19,5346.921666666667
2362,2021-03-20,3755.987777777778
2363,2021-03-21,6201.3805555555555
2364,2021-03-22,5672.922222222222
2365,2021-03-23,5996.645
2366,2021-03-24,4321.534166666666
2367,2021-03-25,4198.108333333334
2368,2021-03-26,5910.025555555556
2369,2021-03-27,5326.696111111111
2370,2021-03-28,5377.653333333334
2371,2021-03-29,4989.054444444444
2372,2021-03-30,5571.307777777778
2373,2021-03-31,5319.546666666667
2374,2021-04-01,5508.402777777777
2375,2021-04-02,5531.547222222222
2376,2021-04-03,5915.952222222222
2377,2021-04-04,6182.946111111111
2378,2021-04-05,4863.741666666667
2379,2021-04-06,4481.803888888889
2380,2021-04-07,5802.681111111111
2381,2021-04-08,5116.703888888889
2382,2021-04-09,4801.695555555556
2383,2021-04-10,5711.436111111111
2384,2021-04-11,4290.945
2385,2021-04-12,4747.928333333333
2386,2021-04-13,4837.825555555555
2387,2021-04-14,3693.4338888888888
2388,2021-04-15,5714.691666666667
2389,2021-04-16,3592.6241666666665
2390,2021-04-17,5599.1194444444445
2391,2021-04-18,5324.642777777778
2392,2021-04-19,4815.663888888889
2393,2021-04-20,5917.065555555556
2394,2021-04-21,5485.64
2395,2021-04-22,4301.9875
2396,2021-04-23,4327.4025
2397,2021-04-24,4654.466944444444
2398,2021-04-25,5602.745
2399,2021-04-26,5705.983888888889
2400,2021-04-27,4336.622222222222
2401,2021-04-28,4300.724444444444
2402,2021-04-29,4749.975
2403,2021-04-30,5661.561111111111
2404,2021-05-01,4792.608333333334
2405,2021-05-02,4938.470555555556
2406,2021-05-03,4194.602222222222
2407,2021-05-04,4982.887222222223
2408,2021-05-05,5938.31
2409,2021-05-06,4063.633611111111
2410,2021-05-07,4296.9447222222225
2411,2021-05-08,3475.7116666666666
2412,2021-05-09,3865.217222222222
2413,2021-05-10,6382.835
2414,2021-05-11,6226.178333333333
2415,2021-05-12,5370.551111111111
2416,2021-05-13,3468.1647222222223
2417,2021-05-14,5754.653888888889
2418,2021-05-15,4887.126666666667
2419,2021-05-16,2952.5486111111113
2420,2021-05-17,5438.163333333333
2421,2021-05-18,3632.0377777777776
2422,2021-05-19,4951.442777777777
2423,2021-05-20,4151.766666666666
2424,2021-05-21,4906.204444444445
2425,2021-05-22,3025.668888888889
2426,2021-05-23,5607.442222222222
2427,2021-05-24,5391.579444444445
2428,2021-05-25,5086.129444444445
2429,2021-05-26,4513.113888888889
2430,2021-05-27,4193.246388888889
2431,2021-05-28,5093.167222222222
2432,2021-05-29,5074.142222222222
2433,2021-05-30,4908.987222222222
2434,2021-05-31,4155.089166666667
2435,2021-06-01,4689.9
2436,2021-06-02,3908.3894444444445
2437,2021-06-03,4631.386388888889
2438,2021-06-04,4635.335
2439,2021-06-05,3731.5194444444446
2440,2021-06-06,4821.858333333334
2441,2021-06-07,4897.281111111111
2442,2021-06-08,4571.740555555555
2443,2021-06-09,4427.5325
2444,2021-06-10,5032.499444444445
2445,2021-06-11,4493.643055555555
2446,2021-06-12,4940.182777777778
2447,2021-06-13,4682.194444444444
2448,2021-06-14,4542.988611111111
2449,2021-06-15,4244.7875
2450,2021-06-16,4480.670555555555
2451,2021-06-17,4030.025833333333
2452,2021-06-18,4612.9225
2453,2021-06-19,3994.110833333333
2454,2021-06-20,4128.961111111111
2455,2021-06-21,3416.0363888888887
2456,2021-06-22,4534.7491666666665
2457,2021-06-23,3873.197222222222
2458,2021-06-24,4992.722777777778
2459,2021-06-25,5190.75
2460,2021-06-26,4549.385555555556
2461,2021-06-27,4261.055833333333
2462,2021-06-28,4315.0488888888885
2463,2021-06-29,4285.731388888889
2464,2021-06-30,4953.165555555555
2465,2021-07-01,4579.6866666666665
2466,2021-07-02,4338.0425
2467,2021-07-03,4903.14
2468,2021-07-04,3800.696111111111
2469,2021-07-05,3785.4983333333334
2470,2021-07-06,4841.562777777778
2471,2021-07-07,4674.118333333333
2472,2021-07-08,4654.498611111111
2473,2021-07-09,5015.7844444444445
2474,2021-07-10,4548.316666666667
2475,2021-07-11,4435.169722222222
2476,2021-07-12,3550.643611111111
2477,2021-07-13,4332.214444444445
2478,2021-07-14,4431.192777777777
2479,2021-07-15,2753.4275
2480,2021-07-16,4614.665555555555
2481,2021-07-17,4816.645
2482,2021-07-18,4619.576388888889
2483,2021-07-19,4774.775555555556
2484,2021-07-20,4699.914444444445
2485,2021-07-21,4063.6936111111113
2486,2021-07-22,3933.8258333333333
2487,2021-07-23,4564.481944444445
2488,2021-07-24,4539.273888888889
2489,2021-07-25,4495.234444444444
2490,2021-07-26,5473.22
2491,2021-07-27,4106.2425
2492,2021-07-28,4453.486944444445
2493,2021-07-29,4553.258333333333
2494,2021-07-30,4813.537777777778
2495,2021-07-31,4714.419444444445
2496,2021-08-01,4540.2155555555555
2497,2021-08-02,3958.395
2498,2021-08-03,4202.848888888889
2499,2021-08-04,5178.941111111111
2500,2021-08-05,4320.0391666666665
2501,2021-08-06,4457.15
2502,2021-08-07,4359.6547222222225
2503,2021-08-08,3496.2122222222224
2504,2021-08-09,5195.981111111111
2505,2021-08-10,5034.624444444445
2506,2021-08-11,4402.516388888889
2507,2021-08-12,4194.158888888889
2508,2021-08-13,4615.4863888888885
2509,2021-08-14,4337.371388888889
2510,2021-08-15,4846.531111111111
2511,2021-08-16,3871.921388888889
2512,2021-08-17,4427.758888888889
2513,2021-08-18,4422.6211111111115
2514,2021-08-19,4184.270277777778
2515,2021-08-20,3629.541111111111
2516,2021-08-21,4098.433055555555
2517,2021-08-22,4775.367222222222
2518,2021-08-23,5146.486666666667
2519,2021-08-24,4501.075
2520,2021-08-25,4195.089444444445
2521,2021-08-26,4607.844166666667
2522,2021-08-27,5116.891666666666
2523,2021-08-28,3605.3980555555554
2524,2021-08-29,4877.329444444445
2525,2021-08-30,5067.413888888889
2526,2021-08-31,4452.817222222222
2527,2021-09-01,4301.493888888889
2528,2021-09-02,4642.819166666667
2529,2021-09-03,3495.5455555555554
2530,2021-09-04,3536.8913888888887
2531,2021-09-05,4607.7844444444445
2532,2021-09-06,4177.434722222222
2533,2021-09-07,4516.913888888889
2534,2021-09-08,4012.33
2535,2021-09-09,5568.136666666666
2536,2021-09-10,4138.8525
2537,2021-09-11,4102.352777777778
2538,2021-09-12,4512.404444444444
2539,2021-09-13,4631.358888888889
2540,2021-09-14,3698.66
2541,2021-09-15,5820.277777777777
2542,2021-09-16,4019.4358333333334
2543,2021-09-17,3782.0308333333332
2544,2021-09-18,5188.471111111111
2545,2021-09-19,4781.256666666667
2546,2021-09-20,4712.424444444445
2547,2021-09-21,4623.450555555555
2548,2021-09-22,4183.959722222222
2549,2021-09-23,4865.8133333333335
2550,2021-09-24,4786.755
2551,2021-09-25,3259.9933333333333
2552,2021-09-26,5066.937222222222
2553,2021-09-27,4604.4725
2554,2021-09-28,4377.864166666666
2555,2021-09-29,4310.035277777778
2556,2021-09-30,5038.663333333333
2192,2021-10-01,3733.8166666666666
2193,2021-10-02,4930.996666666667
2194,2021-10-03,4941.1
2195,2021-10-04,4374.896388888889
2196,2021-10-05,4615.161666666667
2197,2021-10-06,5027.747222222222
2198,2021-10-07,4766.186111111111
2199,2021-10-08,4296.233333333334
2200,2021-10-09,3789.8572222222224
2201,2021-10-10,2684.8480555555557
2202,2021-10-11,4939.728888888889
2203,2021-10-12,5431.135
2204,2021-10-13,4312.892222222222
2205,2021-10-14,3626.3566666666666
2206,2021-10-15,5048.854444444444
2207,2021-10-16,4207.8475
2208,2021-10-17,4891.770555555556
2209,2021-10-18,4522.265
2210,2021-10-19,4173.561944444445
2211,2021-10-20,3302.242222222222
2212,2021-10-21,3798.0905555555555
2213,2021-10-22,2779.4075
2214,2021-10-23,4774.4383333333335
2215,2021-10-24,5349.985555555556
2216,2021-10-25,4455.4775
2217,2021-10-26,4665.070555555556
2218,2021-10-27,5111.510555555556
2219,2021-10-28,4560.1241666666665
2220,2021-10-29,4899.312777777778
2221,2021-10-30,4226.190277777778
2222,2021-10-31,4123.5675
2223,2021-11-01,3966.783611111111
2224,2021-11-02,4455.650833333333
2225,2021-11-03,5037.7138888888885
2226,2021-11-04,4984.431666666666
2227,2021-11-05,4797.345
2228,2021-11-06,4484.729722222222
2229,2021-11-07,3539.5219444444447
2230,2021-11-08,4011.884722222222
2231,2021-11-09,4668.445
2232,2021-11-10,4623.431666666666
2233,2021-11-11,4445.870277777778
2234,2021-11-12,3621.7230555555557
2235,2021-11-13,5615.508888888889
2236,2021-11-14,3654.165
2237,2021-11-15,5213.262222222223
2238,2021-11-16,4168.511111111111
2239,2021-11-17,5348.856666666667
2240,2021-11-18,5287.4111111111115
2241,2021-11-19,4845.82
2242,2021-11-20,4967.17
2243,2021-11-21,4799.357222222222
2244,2021-11-22,5217.952222222222
2245,2021-11-23,4672.376666666667
2246,2021-11-24,5337.098888888889
2247,2021-11-25,4841.655
2248,2021-11-26,5277.105
2249,2021-11-27,4855.476111111111
2250,2021-11-28,4938.972222222223
2251,2021-11-29,5181.842777777778
2252,2021-11-30,4579.0969444444445
2253,2021-12-01,5351.6288888888885
2254,2021-12-02,4935.3533333333335
2255,2021-12-03,2300.3756944444444
2256,2021-12-04,5365.147777777778
2257,2021-12-05,5036.477777777778
2258,2021-12-06,3618.481111111111
2259,2021-12-07,3908.4616666666666
2260,2021-12-08,5254.711111111111
2261,2021-12-09,5425.023888888889
2262,2021-12-10,4993.263333333333
2263,2021-12-11,5160.171111111111
2264,2021-12-12,5860.943888888889
2265,2021-12-13,5234.961666666667
2266,2021-12-14,4815.198888888889
2267,2021-12-15,4814.743333333333
2268,2021-12-16,5622.968333333333
2269,2021-12-17,5612.443888888889
2270,2021-12-18,4979.599444444444
2271,2021-12-19,4924.151666666667
2272,2021-12-20,5838.337777777778
2273,2021-12-21,5871.635
2274,2021-12-22,5582.127222222222
2275,2021-12-23,5402.728888888889
2276,2021-12-24,5207.933333333333
2277,2021-12-25,4747.667222222222
2278,2021-12-26,5192.866666666667
2279,2021-12-27,4339.7875
2280,2021-12-28,3974.263611111111
2281,2021-12-29,4680.23
2282,2021-12-30,5279.564444444444
2283,2021-12-31,5047.703333333333
2649,2022-01-01,4762.537777777778
2650,2022-01-02,5756.278333333334
2651,2022-01-03,5266.7444444444445
2652,2022-01-04,5531.413888888889
2653,2022-01-05,5133.868333333333
2654,2022-01-06,5392.722222222223
2655,2022-01-07,4903.522222222222
2656,2022-01-08,5154.613888888889
2657,2022-01-09,4590.503611111111
2658,2022-01-10,5303.373888888889
2659,2022-01-11,5348.182222222223
2660,2022-01-12,5380.224444444444
2661,2022-01-13,5134.152777777777
2662,2022-01-14,4884.767777777778
2663,2022-01-15,5271.4238888888885
2664,2022-01-16,4436.501944444444
2665,2022-01-17,4717.602777777778
2666,2022-01-18,5335.238888888889
2667,2022-01-19,5683.973333333333
2668,2022-01-20,6035.633888888889
2669,2022-01-21,6038.414444444445
2670,2022-01-22,5953.080555555555
2671,2022-01-23,5367.54
2672,2022-01-24,5517.709444444445
2673,2022-01-25,5484.636666666666
2674,2022-01-26,6155.783888888889
2675,2022-01-27,5876.112777777777
2676,2022-01-28,6002.847777777778
2677,2022-01-29,6370.455
2678,2022-01-30,5732.98
2679,2022-01-31,5864.441666666667
2680,2022-02-01,5174.035555555555
2681,2022-02-02,4881.053333333333
2682,2022-02-03,5001.806666666666
2683,2022-02-04,5628.176111111111
2684,2022-02-05,6167.71
2685,2022-02-06,6098.145555555556
2686,2022-02-07,6029.577777777778
2687,2022-02-08,5731.341111111111
2688,2022-02-09,5428.066666666667
2689,2022-02-10,5822.675555555556
2690,2022-02-11,6065.616111111111
2691,2022-02-12,5610.146111111111
2692,2022-02-13,5477.335
2693,2022-02-14,6126.100555555556
2694,2022-02-15,5955.8822222222225
2695,2022-02-16,5282.991666666667
2696,2022-02-17,5808.946666666667
2697,2022-02-18,5391.158888888889
2698,2022-02-19,5035.072777777777
2699,2022-02-20,5402.088333333333
2700,2022-02-21,6289.431111111111
2701,2022-02-22,5726.191111111111
2702,2022-02-23,5269.165
2703,2022-02-24,5936.927777777778
2704,2022-02-25,6138.986666666667
2705,2022-02-26,5936.484444444444
2706,2022-02-27,5022.202222222222
2707,2022-02-28,5670.705555555555
2708,2022-03-01,5826.551111111111
2709,2022-03-02,5849.5905555555555
2710,2022-03-03,5206.607222222222
2711,2022-03-04,5430.107222222222
2712,2022-03-05,5722.752222222222
2713,2022-03-06,6055.360555555556
2714,2022-03-07,5654.821666666667
2715,2022-03-08,6045.982222222222
2716,2022-03-09,5173.3516666666665
2717,2022-03-10,4814.897777777778
2718,2022-03-11,5333.445555555556
2719,2022-03-12,5574.612777777777
2720,2022-03-13,5643.497777777778
2721,2022-03-14,5539.613333333334
2722,2022-03-15,4979.992222222222
2723,2022-03-16,5258.2138888888885
2724,2022-03-17,5834.375
2725,2022-03-18,5298.669444444445
2726,2022-03-19,4723.727222222222
2727,2022-03-20,4514.343055555555
2728,2022-03-21,5548.552777777778
2729,2022-03-22,5909.581666666667
2730,2022-03-23,5425.243333333333
2731,2022-03-24,5396.807222222223
2732,2022-03-25,4887.277222222222
2733,2022-03-26,5635.303888888889
2734,2022-03-27,5482.035555555555
2735,2022-03-28,5242.597222222223
2736,2022-03-29,5607.310555555556
2737,2022-03-30,6332.425555555556
2738,2022-03-31,5604.407222222222
2739,2022-04-01,5105.703333333333
2740,2022-04-02,6052.239444444444
2741,2022-04-03,6199.812777777778
2742,2022-04-04,5223.146111111111
2743,2022-04-05,5900.842777777778
2744,2022-04-06,5309.010555555556
2745,2022-04-07,6027.35
2746,2022-04-08,3214.864722222222
2747,2022-04-09,3552.623611111111
2748,2022-04-10,5020.582222222222
2749,2022-04-11,5498.783333333334
2750,2022-04-12,5555.752777777778
2751,2022-04-13,3835.3069444444445
2752,2022-04-14,4460.141944444445
2753,2022-04-15,4722.178333333333
2754,2022-04-16,6070.941666666667
2755,2022-04-17,4893.697222222222
2756,2022-04-18,4659.218055555555
2757,2022-04-19,3141.9619444444443
2758,2022-04-20,5776.25
2759,2022-04-21,5733.667777777778
2760,2022-04-22,5532.575555555555
2761,2022-04-23,4673.198888888889
2762,2022-04-24,5243.391666666666
2763,2022-04-25,5654.773888888889
2764,2022-04-26,5386.279444444444
2765,2022-04-27,4547.2444444444445
2766,2022-04-28,5627.735555555556
2767,2022-04-29,4495.801666666666
2768,2022-04-30,5516.680555555556
2769,2022-05-01,5621.062222222222
2770,2022-05-02,5003.008333333333
2771,2022-05-03,5641.193888888889
2772,2022-05-04,4441.052222222223
2773,2022-05-05,5268.7444444444445
2774,2022-05-06,4792.262222222223
2775,2022-05-07,5294.272222222222
2776,2022-05-08,5004.032222222222
2777,2022-05-09,5414.420555555555
2778,2022-05-10,4258.4383333333335
2779,2022-05-11,4671.472777777778
2780,2022-05-12,5097.622222222222
2781,2022-05-13,5135.223333333333
2782,2022-05-14,5029.270555555556
2783,2022-05-15,4610.2988888888885
2784,2022-05-16,5517.704444444445
2785,2022-05-17,3789.3902777777776
2786,2022-05-18,4911.245555555555
2787,2022-05-19,3321.773888888889
2788,2022-05-20,4440.833055555556
2789,2022-05-21,3474.7744444444443
2790,2022-05-22,5186.355555555556
2791,2022-05-23,3535.8133333333335
2792,2022-05-24,5096.170555555555
2793,2022-05-25,4341.64
2794,2022-05-26,4857.0488888888885
2795,2022-05-27,5235.821111111111
2796,2022-05-28,4558.380277777777
2797,2022-05-29,4456.995277777778
2798,2022-05-30,4520.150555555556
2799,2022-05-31,4495.085555555555
2800,2022-06-01,4871.7733333333335
2801,2022-06-02,3680.662222222222
2802,2022-06-03,5217.267222222222
2803,2022-06-04,4569.962222222222
2804,2022-06-05,2484.2780555555555
2805,2022-06-06,5205.557777777778
2806,2022-06-07,4119.366111111111
2807,2022-06-08,4469.908333333334
2808,2022-06-09,5092.792222222222
2809,2022-06-10,4590.630833333334
2810,2022-06-11,4834.565
2811,2022-06-12,4235.6386111111115
2812,2022-06-13,4199.827222222222
2813,2022-06-14,4725.570555555556
2814,2022-06-15,4052.7266666666665
2815,2022-06-16,3251.4619444444443
2816,2022-06-17,4146.29
2817,2022-06-18,4441.076944444444
2818,2022-06-19,4280.720833333334
2819,2022-06-20,2990.445
2820,2022-06-21,4602.798055555556
2821,2022-06-22,4558.464722222222
2822,2022-06-23,4808.508888888889
2823,2022-06-24,4281.135277777777
2824,2022-06-25,4104.384444444445
2825,2022-06-26,3966.9275
2826,2022-06-27,2953.291388888889
2827,2022-06-28,4673.106666666667
2828,2022-06-29,4418.966944444444
2829,2022-06-30,3890.3766666666666
2830,2022-07-01,4051.496111111111
2831,2022-07-02,4944.393888888889
2832,2022-07-03,4292.266111111111
2833,2022-07-04,3928.8875
2834,2022-07-05,4472.286666666667
2835,2022-07-06,4668.082777777778
2836,2022-07-07,4328.656111111111
2837,2022-07-08,4390.5575
2838,2022-07-09,4243.104444444444
2839,2022-07-10,4211.7827777777775
2840,2022-07-11,4579.372777777778
2841,2022-07-12,3908.2638888888887
2842,2022-07-13,4550.6975
2843,2022-07-14,4625.1530555555555
2844,2022-07-15,4534.515277777778
2845,2022-07-16,4408.359722222222
2846,2022-07-17,4462.986944444445
2847,2022-07-18,4202.241944444444
2848,2022-07-19,3977.0294444444444
2849,2022-07-20,4138.183888888889
2850,2022-07-21,4202.6875
2851,2022-07-22,3465.1311111111113
2852,2022-07-23,3641.1730555555555
2853,2022-07-24,4042.9036111111113
2854,2022-07-25,3669.7644444444445
2855,2022-07-26,3903.18
2856,2022-07-27,4848.896111111111
2857,2022-07-28,4465.248055555556
2858,2022-07-29,4096.738611111111
2859,2022-07-30,4315.431388888889
2860,2022-07-31,4530.913333333333
2861,2022-08-01,5316.955
2862,2022-08-02,4726.545555555555
2863,2022-08-03,4014.2219444444445
2864,2022-08-04,4031.1827777777776
2865,2022-08-05,3229.443333333333
2866,2022-08-06,4758.998333333333
2867,2022-08-07,4783.2572222222225
2868,2022-08-08,4339.5
2869,2022-08-09,4908.983333333334
2870,2022-08-10,4371.325833333333
2871,2022-08-11,2724.697222222222
2872,2022-08-12,4626.535277777778
2873,2022-08-13,4384.568611111111
2874,2022-08-14,3581.1555555555556
2875,2022-08-15,4307.218611111111
2876,2022-08-16,4966.833888888889
2877,2022-08-17,5176.577222222222
2878,2022-08-18,3751.8841666666667
2879,2022-08-19,4897.381111111111
2880,2022-08-20,5117.125
2881,2022-08-21,4942.432777777778
2882,2022-08-22,4089.3341666666665
2883,2022-08-23,4816.202222222222
2884,2022-08-24,4134.0136111111115
2885,2022-08-25,4204.832222222222
2886,2022-08-26,4507.199722222223
2887,2022-08-27,4713.8
2888,2022-08-28,4864.147222222222
2889,2022-08-29,3989.2691666666665
2890,2022-08-30,4366.406388888889
2891,2022-08-31,4073.5055555555555
2892,2022-09-01,3816.628888888889
2893,2022-09-02,4475.4383333333335
2894,2022-09-03,4931.701666666667
2895,2022-09-04,5180.472222222223
2896,2022-09-05,5262.710555555555
2897,2022-09-06,4922.802777777778
2898,2022-09-07,4914.865555555555
2899,2022-09-08,4763.548333333333
2900,2022-09-09,3408.2980555555555
2901,2022-09-10,3541.873611111111
2902,2022-09-11,4675.116666666667
2903,2022-09-12,4717.091666666666
2904,2022-09-13,4787.069444444444
2905,2022-09-14,4294.1530555555555
2906,2022-09-15,4466.070555555556
2907,2022-09-16,4050.3991666666666
2908,2022-09-17,4248.830833333333
2909,2022-09-18,4197.378055555556
2910,2022-09-19,3777.9808333333335
2911,2022-09-20,4902.4638888888885
2912,2022-09-21,4504.540277777778
2913,2022-09-22,5050.616666666667
2914,2022-09-23,4371.644444444444
2915,2022-09-24,5086.920555555555
2916,2022-09-25,4673.598333333333
2917,2022-09-26,4787.707222222222
2918,2022-09-27,4520.343055555555
2919,2022-09-28,3345.8841666666667
2920,2022-09-29,4577.304166666667
2921,2022-09-30,4924.042222222222
2557,2022-10-01,4375.828888888889
2558,2022-10-02,5034.047222222222
2559,2022-10-03,4764.975555555556
2560,2022-10-04,4577.150555555556
2561,2022-10-05,4570.108333333334
2562,2022-10-06,4325.4736111111115
2563,2022-10-07,3637.361388888889
2564,2022-10-08,4972.305
2565,2022-10-09,4135.634444444445
2566,2022-10-10,4086.3522222222223
2567,2022-10-11,4106.018055555555
2568,2022-10-12,4556.483611111111
2569,2022-10-13,4601.552777777778
2570,2022-10-14,3128.0216666666665
2571,2022-10-15,4052.9975
2572,2022-10-16,4924.006111111111
2573,2022-10-17,5034.3116666666665
2574,2022-10-18,4277.8422222222225
2575,2022-10-19,3372.5980555555557
2576,2022-10-20,3674.0355555555557
2577,2022-10-21,3502.2505555555554
2578,2022-10-22,4343.339444444445
2579,2022-10-23,2850.21
2580,2022-10-24,5151.455555555555
2581,2022-10-25,4318.614444444444
2582,2022-10-26,4510.8805555555555
2583,2022-10-27,4708.606111111111
2584,2022-10-28,3679.2927777777777
2585,2022-10-29,4885.199444444444
2586,2022-10-30,4528.223888888889
2587,2022-10-31,4400.280555555555
2588,2022-11-01,5284.547777777778
2589,2022-11-02,4978.156666666667
2590,2022-11-03,5087.408888888889
2591,2022-11-04,4923.938888888889
2592,2022-11-05,4889.322777777777
2593,2022-11-06,4928.759444444445
2594,2022-11-07,4804.003333333333
2595,2022-11-08,5108.502777777778
2596,2022-11-09,4825.322777777777
2597,2022-11-10,4416.235277777778
2598,2022-11-11,4485.7636111111115
2599,2022-11-12,4763.0761111111115
2600,2022-11-13,4821.585
2601,2022-11-14,4560.831388888889
2602,2022-11-15,4053.4483333333333
2603,2022-11-16,4431.031666666667
2604,2022-11-17,4731.1883333333335
2605,2022-11-18,4657.081111111111
2606,2022-11-19,4499.323611111111
2607,2022-11-20,4936.0361111111115
2608,2022-11-21,4949.237222222222
2609,2022-11-22,4803.145555555556
2610,2022-11-23,5279.397222222222
2611,2022-11-24,4828.6483333333335
2612,2022-11-25,4966.1305555555555
2613,2022-11-26,4573.3469444444445
2614,2022-11-27,4818.166111111111
2615,2022-11-28,4541.288888888889
2616,2022-11-29,4925.931111111111
2617,2022-11-30,5400.361666666667
2618,2022-12-01,4905.427777777778
2619,2022-12-02,4954.82
2620,2022-12-03,4774.485
2621,2022-12-04,4655.966666666666
2622,2022-12-05,4880.558888888889
2623,2022-12-06,4350.964166666667
2624,2022-12-07,4135.078055555556
2625,2022-12-08,5176.746666666667
2626,2022-12-09,4982.883333333333
2627,2022-12-10,4888.711666666667
2628,2022-12-11,4985.3405555555555
2629,2022-12-12,5018.175
2630,2022-12-13,4863.698333333334
2631,2022-12-14,4821.842777777778
2632,2022-12-15,4998.239444444444
2633,2022-12-16,3510.2555555555555
2634,2022-12-17,5083.525555555556
2635,2022-12-18,4858.051666666666
2636,2022-12-19,5214.691111111111
2637,2022-12-20,5103.196111111111
2638,2022-12-21,4561.337222222222
2639,2022-12-22,4941.3
2640,2022-12-23,4550.133333333333
2641,2022-12-24,5147.905555555555
2642,2022-12-25,5439.2172222222225
2643,2022-12-26,5541.29
2644,2022-12-27,5670.298333333333
2645,2022-12-28,6048.446111111111
2646,2022-12-29,5767.004444444445
2647,2022-12-30,4793.276666666667
2648,2022-12-31,5058.65
