,date,temp
92,2015-01-01,23.937066650391046
93,2015-01-02,24.129357910156045
94,2015-01-03,23.398889160156045
95,2015-01-04,23.587213134766046
96,2015-01-05,23.496179199219
97,2015-01-06,23.12169799804701
98,2015-01-07,22.899865722656045
99,2015-01-08,23.033990478516046
100,2015-01-09,22.761224365234
101,2015-01-10,21.943566894531045
102,2015-01-11,21.71047363281201
103,2015-01-12,21.670220947266046
104,2015-01-13,21.985986328125023
105,2015-01-14,22.628869628906045
106,2015-01-15,22.806573486328034
107,2015-01-16,23.485681152344
108,2015-01-17,23.859613037109
109,2015-01-18,23.765130615234
110,2015-01-19,24.037316894531045
111,2015-01-20,24.440332031250023
112,2015-01-21,24.465478515625023
113,2015-01-22,25.013757324219
114,2015-01-23,25.32229003906201
115,2015-01-24,25.111566162109
116,2015-01-25,24.163049316406045
117,2015-01-26,24.580468750000023
118,2015-01-27,24.347955322266046
119,2015-01-28,24.649194335938034
120,2015-01-29,24.710687255859
121,2015-01-30,24.688775634766046
122,2015-01-31,24.65578613281201
123,2015-02-01,25.244348144531045
124,2015-02-02,24.898828125000023
125,2015-02-03,24.804376220703034
126,2015-02-04,24.647851562500023
127,2015-02-05,24.952966308594
128,2015-02-06,24.643823242188034
129,2015-02-07,24.941644287109
130,2015-02-08,24.462091064453034
131,2015-02-09,25.264611816406045
132,2015-02-10,25.242730712891046
133,2015-02-11,25.809503173828034
134,2015-02-12,23.54235229492201
135,2015-02-13,24.664605712891046
136,2015-02-14,24.679132080078034
137,2015-02-15,25.151330566406045
138,2015-02-16,24.81701049804701
139,2015-02-17,24.809655761719
140,2015-02-18,22.498986816406045
141,2015-02-19,24.635186767578034
142,2015-02-20,24.62780151367201
143,2015-02-21,25.179956054688034
144,2015-02-22,24.097222900391046
145,2015-02-23,25.114404296875023
146,2015-02-24,24.445794677734
147,2015-02-25,24.631311035156045
148,2015-02-26,23.098046875000023
149,2015-02-27,23.206933593750023
150,2015-02-28,24.652825927734
151,2015-03-01,24.998193359375023
152,2015-03-02,24.62023315429701
153,2015-03-03,24.707330322266046
154,2015-03-04,24.653070068359
155,2015-03-05,25.335900878906045
156,2015-03-06,25.241357421875023
157,2015-03-07,25.034478759766046
158,2015-03-08,24.01711425781201
159,2015-03-09,23.846459960938034
160,2015-03-10,23.475793457031045
161,2015-03-11,23.85021362304701
162,2015-03-12,25.40172729492201
163,2015-03-13,24.82750854492201
164,2015-03-14,25.17287597656201
165,2015-03-15,24.704339599609
166,2015-03-16,23.933984375000023
167,2015-03-17,23.99596557617201
168,2015-03-18,24.639154052734
169,2015-03-19,24.824639892578034
170,2015-03-20,24.853509521484
171,2015-03-21,23.97814331054701
172,2015-03-22,24.26525268554701
173,2015-03-23,25.584283447266046
174,2015-03-24,24.345513916016046
175,2015-03-25,24.145898437500023
176,2015-03-26,24.29494628906201
177,2015-03-27,22.438653564453034
178,2015-03-28,24.033685302734
179,2015-03-29,24.299127197266046
180,2015-03-30,23.380059814453034
181,2015-03-31,24.059564208984
182,2015-04-01,24.245019531250023
183,2015-04-02,23.856408691406045
184,2015-04-03,23.758447265625023
185,2015-04-04,24.325677490234
186,2015-04-05,23.646417236328034
187,2015-04-06,24.391381835938034
188,2015-04-07,23.443261718750023
189,2015-04-08,24.802453613281045
190,2015-04-09,24.101464843750023
191,2015-04-10,24.562982177734
192,2015-04-11,23.396875000000023
193,2015-04-12,23.426324462891046
194,2015-04-13,24.113183593750023
195,2015-04-14,24.338861083984
196,2015-04-15,24.36437377929701
197,2015-04-16,24.782403564453034
198,2015-04-17,24.710168457031045
199,2015-04-18,24.71389160156201
200,2015-04-19,24.58352050781201
201,2015-04-20,24.158624267578034
202,2015-04-21,24.776666259766046
203,2015-04-22,24.322656250000023
204,2015-04-23,23.494775390625023
205,2015-04-24,23.571191406250023
206,2015-04-25,24.458062744141046
207,2015-04-26,23.03038940429701
208,2015-04-27,24.309716796875023
209,2015-04-28,24.030084228516046
210,2015-04-29,24.037774658203034
211,2015-04-30,24.32164916992201
212,2015-05-01,24.28176269531201
213,2015-05-02,23.882562255859
214,2015-05-03,22.887475585938034
215,2015-05-04,24.664270019531045
216,2015-05-05,23.313165283203034
217,2015-05-06,24.152520751953034
218,2015-05-07,23.106683349609
219,2015-05-08,24.385919189453034
220,2015-05-09,24.593225097656045
221,2015-05-10,23.053186035156045
222,2015-05-11,24.107202148438034
223,2015-05-12,23.664453125000023
224,2015-05-13,23.704522705078034
225,2015-05-14,23.123620605469
226,2015-05-15,24.148675537109
227,2015-05-16,24.283197021484
228,2015-05-17,24.588861083984
229,2015-05-18,23.419396972656045
230,2015-05-19,23.928521728516046
231,2015-05-20,24.709771728516046
232,2015-05-21,22.690240478516046
233,2015-05-22,24.202050781250023
234,2015-05-23,24.01696166992201
235,2015-05-24,23.341607666016046
236,2015-05-25,23.916101074219
237,2015-05-26,24.083642578125023
238,2015-05-27,23.847711181641046
239,2015-05-28,23.477624511719
240,2015-05-29,23.419885253906045
241,2015-05-30,23.220269775391046
242,2015-05-31,23.315118408203034
243,2015-06-01,23.315637207031045
244,2015-06-02,22.996423339844
245,2015-06-03,23.508874511719
246,2015-06-04,23.400292968750023
247,2015-06-05,22.165521240234
248,2015-06-06,22.925042724609
249,2015-06-07,22.366021728516046
250,2015-06-08,23.212670898438034
251,2015-06-09,22.668206787109
252,2015-06-10,23.26452026367201
253,2015-06-11,22.730645751953034
254,2015-06-12,22.723870849609
255,2015-06-13,22.98595581054701
256,2015-06-14,23.229577636719
257,2015-06-15,22.93215332031201
258,2015-06-16,22.42736206054701
259,2015-06-17,23.023675537109
260,2015-06-18,23.325433349609
261,2015-06-19,22.962609863281045
262,2015-06-20,22.334283447266046
263,2015-06-21,21.971459960938034
264,2015-06-22,22.033441162109
265,2015-06-23,22.542657470703034
266,2015-06-24,22.989739990234
267,2015-06-25,22.038354492188034
268,2015-06-26,22.085778808594
269,2015-06-27,22.42394409179701
270,2015-06-28,23.020288085938034
271,2015-06-29,22.348352050781045
272,2015-06-30,22.00744018554701
273,2015-07-01,22.098474121094
274,2015-07-02,22.305718994141046
275,2015-07-03,22.24425659179701
276,2015-07-04,22.375573730469
277,2015-07-05,23.462152099609
278,2015-07-06,23.647637939453034
279,2015-07-07,23.593438720703034
280,2015-07-08,24.044519042969
281,2015-07-09,23.844903564453034
282,2015-07-10,23.042291259766046
283,2015-07-11,21.825494384766046
284,2015-07-12,22.018243408203034
285,2015-07-13,22.95949707031201
286,2015-07-14,23.130548095703034
287,2015-07-15,22.785699462891046
288,2015-07-16,22.753198242188034
289,2015-07-17,23.018731689453034
290,2015-07-18,22.586663818359
291,2015-07-19,22.561517333984
292,2015-07-20,21.678979492188034
293,2015-07-21,21.341394042969
294,2015-07-22,22.362573242188034
295,2015-07-23,21.774011230469
296,2015-07-24,22.250238037109
297,2015-07-25,22.421289062500023
298,2015-07-26,22.018304443359
299,2015-07-27,21.713128662109
300,2015-07-28,21.86974487304701
301,2015-07-29,21.256036376953034
302,2015-07-30,21.41588745117201
303,2015-07-31,22.073785400391046
304,2015-08-01,22.332116699219
305,2015-08-02,22.57189331054701
306,2015-08-03,22.72838745117201
307,2015-08-04,22.61950073242201
308,2015-08-05,22.54348144531201
309,2015-08-06,22.652581787109
310,2015-08-07,22.594445800781045
311,2015-08-08,22.20607910156201
312,2015-08-09,22.460412597656045
313,2015-08-10,22.722070312500023
314,2015-08-11,22.377221679688034
315,2015-08-12,22.028527832031045
316,2015-08-13,22.413751220703034
317,2015-08-14,22.777062988281045
318,2015-08-15,22.127099609375023
319,2015-08-16,22.003686523438034
320,2015-08-17,22.425103759766046
321,2015-08-18,22.723107910156045
322,2015-08-19,22.941186523438034
323,2015-08-20,22.570703125000023
324,2015-08-21,22.963189697266046
325,2015-08-22,22.53453979492201
326,2015-08-23,22.774346923828034
327,2015-08-24,22.316644287109
328,2015-08-25,22.672784423828034
329,2015-08-26,22.614739990234
330,2015-08-27,22.17492065429701
331,2015-08-28,22.21862182617201
332,2015-08-29,22.909020996094
333,2015-08-30,22.451409912109
334,2015-08-31,22.578393554688034
335,2015-09-01,22.476739501953034
336,2015-09-02,22.331506347656045
337,2015-09-03,22.494805908203034
338,2015-09-04,22.291436767578034
339,2015-09-05,22.85436401367201
340,2015-09-06,21.364984130859
341,2015-09-07,21.724450683594
342,2015-09-08,22.356683349609
343,2015-09-09,22.454583740234
344,2015-09-10,22.527429199219
345,2015-09-11,22.857843017578034
346,2015-09-12,23.348107910156045
347,2015-09-13,23.573541259766046
348,2015-09-14,22.501550292969
349,2015-09-15,22.061853027344
350,2015-09-16,21.647760009766046
351,2015-09-17,22.537683105469
352,2015-09-18,23.12975463867201
353,2015-09-19,22.580957031250023
354,2015-09-20,22.09035644531201
355,2015-09-21,22.573388671875023
356,2015-09-22,22.78429565429701
357,2015-09-23,22.983880615234
358,2015-09-24,22.725854492188034
359,2015-09-25,22.184289550781045
360,2015-09-26,22.267755126953034
361,2015-09-27,22.85256347656201
362,2015-09-28,22.732476806641046
363,2015-09-29,22.099908447266046
364,2015-09-30,22.975274658203034
0,2015-10-01,23.371179199219
1,2015-10-02,22.757073974609
2,2015-10-03,22.695123291016046
3,2015-10-04,23.105554199219
4,2015-10-05,22.96373901367201
5,2015-10-06,23.043176269531045
6,2015-10-07,22.080285644531045
7,2015-10-08,22.868554687500023
8,2015-10-09,21.46959838867201
9,2015-10-10,22.907922363281045
10,2015-10-11,22.896905517578034
11,2015-10-12,23.285424804688034
12,2015-10-13,23.161523437500023
13,2015-10-14,23.274011230469
14,2015-10-15,23.28087768554701
15,2015-10-16,22.841088867188034
16,2015-10-17,23.229730224609
17,2015-10-18,23.410974121094
18,2015-10-19,22.782220458984
19,2015-10-20,23.043420410156045
20,2015-10-21,23.264916992188034
21,2015-10-22,22.13097534179701
22,2015-10-23,23.217095947266046
23,2015-10-24,22.599053955078034
24,2015-10-25,22.864160156250023
25,2015-10-26,23.139794921875023
26,2015-10-27,22.972253417969
27,2015-10-28,22.946710205078034
28,2015-10-29,21.449456787109
29,2015-10-30,22.433831787109
30,2015-10-31,22.113702392578034
31,2015-11-01,22.055169677734
32,2015-11-02,22.436456298828034
33,2015-11-03,23.228082275391046
34,2015-11-04,22.958825683594
35,2015-11-05,21.487207031250023
36,2015-11-06,23.187097167969
37,2015-11-07,23.62267456054701
38,2015-11-08,22.608819580078034
39,2015-11-09,23.066217041016046
40,2015-11-10,21.656152343750023
41,2015-11-11,22.655053710938034
42,2015-11-12,23.468469238281045
43,2015-11-13,22.777673339844
44,2015-11-14,22.828118896484
45,2015-11-15,23.180444335938034
46,2015-11-16,23.230798339844
47,2015-11-17,23.317590332031045
48,2015-11-18,23.233819580078034
49,2015-11-19,23.727532958984
50,2015-11-20,23.254724121094
51,2015-11-21,22.93459472656201
52,2015-11-22,23.555657958984
53,2015-11-23,23.315484619141046
54,2015-11-24,22.631982421875023
55,2015-11-25,23.718072509766046
56,2015-11-26,23.775811767578034
57,2015-11-27,24.015069580078034
58,2015-11-28,23.811242675781045
59,2015-11-29,23.85827026367201
60,2015-11-30,23.974023437500023
61,2015-12-01,23.704766845703034
62,2015-12-02,23.264947509766046
63,2015-12-03,23.366174316406045
64,2015-12-04,23.758081054688034
65,2015-12-05,23.412805175781045
66,2015-12-06,23.085351562500023
67,2015-12-07,23.48449096679701
68,2015-12-08,23.633233642578034
69,2015-12-09,23.828942871094
70,2015-12-10,23.842980957031045
71,2015-12-11,23.730126953125023
72,2015-12-12,23.628015136719
73,2015-12-13,23.558770751953034
74,2015-12-14,23.485620117188034
75,2015-12-15,23.71764526367201
76,2015-12-16,23.48131713867201
77,2015-12-17,23.531671142578034
78,2015-12-18,23.273522949219
79,2015-12-19,23.13488159179701
80,2015-12-20,23.305413818359
81,2015-12-21,23.711846923828034
82,2015-12-22,23.72252807617201
83,2015-12-23,23.87462768554701
84,2015-12-24,23.856286621094
85,2015-12-25,23.154779052734
86,2015-12-26,23.408624267578034
87,2015-12-27,23.760827636719
88,2015-12-28,24.23253784179701
89,2015-12-29,24.148767089844
90,2015-12-30,24.312066650391046
91,2015-12-31,24.217004394531045
365,2016-01-01,24.075128173828034
366,2016-01-02,24.340051269531045
367,2016-01-03,24.249017333984
368,2016-01-04,24.270257568359
369,2016-01-05,24.99303588867201
370,2016-01-06,24.851068115234
371,2016-01-07,24.687341308594
372,2016-01-08,25.141198730469
373,2016-01-09,24.82482299804701
374,2016-01-10,25.060784912109
375,2016-01-11,25.263635253906045
376,2016-01-12,25.216149902344
377,2016-01-13,25.088677978516046
378,2016-01-14,24.692468261719
379,2016-01-15,24.942864990234
380,2016-01-16,24.815423583984
381,2016-01-17,24.37551269531201
382,2016-01-18,24.629815673828034
383,2016-01-19,24.335260009766046
384,2016-01-20,25.225061035156045
385,2016-01-21,25.148492431641046
386,2016-01-22,24.53420410156201
387,2016-01-23,24.225091552734
388,2016-01-24,24.312280273438034
389,2016-01-25,23.981378173828034
390,2016-01-26,24.420587158203034
391,2016-01-27,24.253472900391046
392,2016-01-28,23.893518066406045
393,2016-01-29,23.962243652344
394,2016-01-30,23.555261230469
395,2016-01-31,23.92189941406201
396,2016-02-01,24.510461425781045
397,2016-02-02,24.949700927734
398,2016-02-03,24.927911376953034
399,2016-02-04,25.665124511719
400,2016-02-05,26.093743896484
401,2016-02-06,25.661126708984
402,2016-02-07,25.646478271484
403,2016-02-08,24.934411621094
404,2016-02-09,25.191949462891046
405,2016-02-10,25.620568847656045
406,2016-02-11,25.242730712891046
407,2016-02-12,24.574151611328034
408,2016-02-13,24.38121948242201
409,2016-02-14,24.897119140625023
410,2016-02-15,25.536462402344
411,2016-02-16,25.492761230469
412,2016-02-17,25.470880126953034
413,2016-02-18,25.594415283203034
414,2016-02-19,26.001245117188034
415,2016-02-20,25.477960205078034
416,2016-02-21,25.76125488281201
417,2016-02-22,26.153558349609
418,2016-02-23,26.06627807617201
419,2016-02-24,25.819116210938034
420,2016-02-25,25.64855346679701
421,2016-02-26,25.54674682617201
422,2016-02-27,25.800958251953034
423,2016-02-28,25.859033203125023
424,2016-02-29,26.080834960938034
425,2016-03-01,25.099816894531045
426,2016-03-02,24.925347900391046
427,2016-03-03,24.54406127929701
428,2016-03-04,25.517572021484
429,2016-03-05,23.526513671875023
430,2016-03-06,23.850061035156045
431,2016-03-07,24.816369628906045
432,2016-03-08,25.357812500000023
433,2016-03-09,25.26329956054701
434,2016-03-10,23.428765869141046
435,2016-03-11,24.48619995117201
436,2016-03-12,25.408837890625023
437,2016-03-13,23.610650634766046
438,2016-03-14,24.631646728516046
439,2016-03-15,24.638818359375023
440,2016-03-16,24.838830566406045
441,2016-03-17,25.285852050781045
442,2016-03-18,24.454064941406045
443,2016-03-19,24.264947509766046
444,2016-03-20,22.728356933594
445,2016-03-21,24.672174072266046
446,2016-03-22,25.344506835938034
447,2016-03-23,24.541711425781045
448,2016-03-24,23.760797119141046
449,2016-03-25,24.026116943359
450,2016-03-26,24.872827148438034
451,2016-03-27,24.665856933594
452,2016-03-28,25.243737792969
453,2016-03-29,23.830560302734
454,2016-03-30,25.055017089844
455,2016-03-31,24.891748046875023
456,2016-04-01,24.742883300781045
457,2016-04-02,24.223474121094
458,2016-04-03,25.313897705078034
459,2016-04-04,25.056054687500023
460,2016-04-05,24.129815673828034
461,2016-04-06,22.920098876953034
462,2016-04-07,23.240197753906045
463,2016-04-08,25.394860839844
464,2016-04-09,24.80275878906201
465,2016-04-10,24.595788574219
466,2016-04-11,24.726983642578034
467,2016-04-12,23.357507324219
468,2016-04-13,25.297998046875023
469,2016-04-14,24.48790893554701
470,2016-04-15,23.096643066406045
471,2016-04-16,24.65929565429701
472,2016-04-17,22.882806396484
473,2016-04-18,23.878686523438034
474,2016-04-19,24.456536865234
475,2016-04-20,23.904718017578034
476,2016-04-21,24.555169677734
477,2016-04-22,24.977105712891046
478,2016-04-23,24.072564697266046
479,2016-04-24,24.26915893554701
480,2016-04-25,24.309228515625023
481,2016-04-26,22.972741699219
482,2016-04-27,24.611383056641046
483,2016-04-28,24.60451660156201
484,2016-04-29,23.863854980469
485,2016-04-30,25.110131835938034
486,2016-05-01,24.144128417969
487,2016-05-02,23.446984863281045
488,2016-05-03,24.119317626953034
489,2016-05-04,23.894433593750023
490,2016-05-05,24.137994384766046
491,2016-05-06,24.029473876953034
492,2016-05-07,22.92540893554701
493,2016-05-08,23.459710693359
494,2016-05-09,24.615411376953034
495,2016-05-10,25.080865478516046
496,2016-05-11,23.620843505859
497,2016-05-12,24.590997314453034
498,2016-05-13,23.196282958984
499,2016-05-14,23.654534912109
500,2016-05-15,22.735498046875023
501,2016-05-16,23.942163085938034
502,2016-05-17,23.28136596679701
503,2016-05-18,23.565209960938034
504,2016-05-19,24.252008056641046
505,2016-05-20,23.620324707031045
506,2016-05-21,23.969506835938034
507,2016-05-22,23.145013427734
508,2016-05-23,22.760308837891046
509,2016-05-24,23.64000854492201
510,2016-05-25,23.807519531250023
511,2016-05-26,24.167413330078034
512,2016-05-27,24.17516479492201
513,2016-05-28,23.49254760742201
514,2016-05-29,22.682550048828034
515,2016-05-30,23.220666503906045
516,2016-05-31,23.824273681641046
517,2016-06-01,23.810235595703034
518,2016-06-02,23.269097900391046
519,2016-06-03,23.829003906250023
520,2016-06-04,23.655114746094
521,2016-06-05,23.375543212891046
522,2016-06-06,23.819268798828034
523,2016-06-07,23.684960937500023
524,2016-06-08,23.976129150391046
525,2016-06-09,23.562432861328034
526,2016-06-10,23.90050659179701
527,2016-06-11,23.196191406250023
528,2016-06-12,22.95690307617201
529,2016-06-13,22.779077148438034
530,2016-06-14,22.656060791016046
531,2016-06-15,22.57994995117201
532,2016-06-16,21.76662597656201
533,2016-06-17,22.78771362304701
534,2016-06-18,22.969873046875023
535,2016-06-19,22.00002441406201
536,2016-06-20,22.792535400391046
537,2016-06-21,23.137902832031045
538,2016-06-22,23.523614501953034
539,2016-06-23,22.103234863281045
540,2016-06-24,22.82311401367201
541,2016-06-25,22.914147949219
542,2016-06-26,22.721856689453034
543,2016-06-27,22.475305175781045
544,2016-06-28,22.609948730469
545,2016-06-29,22.610498046875023
546,2016-06-30,22.774224853516046
547,2016-07-01,22.959710693359
548,2016-07-02,23.494073486328034
549,2016-07-03,23.785211181641046
550,2016-07-04,23.483941650391046
551,2016-07-05,22.942834472656045
552,2016-07-06,22.40905151367201
553,2016-07-07,23.310632324219
554,2016-07-08,23.19094238281201
555,2016-07-09,22.88244018554701
556,2016-07-10,22.537591552734
557,2016-07-11,22.432397460938034
558,2016-07-12,22.029443359375023
559,2016-07-13,21.960687255859
560,2016-07-14,22.65490112304701
561,2016-07-15,22.157373046875023
562,2016-07-16,22.248468017578034
563,2016-07-17,22.543054199219
564,2016-07-18,22.459802246094
565,2016-07-19,22.776177978516046
566,2016-07-20,22.823693847656045
567,2016-07-21,22.63869628906201
568,2016-07-22,21.55602416992201
569,2016-07-23,22.126733398438034
570,2016-07-24,21.999841308594
571,2016-07-25,22.250817871094
572,2016-07-26,21.705865478516046
573,2016-07-27,22.283929443359
574,2016-07-28,22.396813964844
575,2016-07-29,21.633874511719
576,2016-07-30,22.233605957031045
577,2016-07-31,22.535546875000023
578,2016-08-01,22.462884521484
579,2016-08-02,22.583093261719
580,2016-08-03,22.212579345703034
581,2016-08-04,22.834161376953034
582,2016-08-05,22.478173828125023
583,2016-08-06,22.456384277344
584,2016-08-07,21.770104980469
585,2016-08-08,21.92272338867201
586,2016-08-09,22.271569824219
587,2016-08-10,22.391778564453034
588,2016-08-11,22.80602416992201
589,2016-08-12,22.747979736328034
590,2016-08-13,21.767022705078034
591,2016-08-14,22.257897949219
592,2016-08-15,22.744805908203034
593,2016-08-16,22.69396362304701
594,2016-08-17,22.76671752929701
595,2016-08-18,22.432550048828034
596,2016-08-19,22.076623535156045
597,2016-08-20,22.607110595703034
598,2016-08-21,22.549096679688034
599,2016-08-22,22.650811767578034
600,2016-08-23,22.77443847656201
601,2016-08-24,21.74270019531201
602,2016-08-25,22.011651611328034
603,2016-08-26,22.458337402344
604,2016-08-27,22.175012207031045
605,2016-08-28,22.51662597656201
606,2016-08-29,22.022698974609
607,2016-08-30,21.408502197266046
608,2016-08-31,22.745568847656045
609,2016-09-01,22.346032714844
610,2016-09-02,22.734582519531045
611,2016-09-03,23.403161621094
612,2016-09-04,23.00695190429701
613,2016-09-05,22.847253417969
614,2016-09-06,22.218530273438034
615,2016-09-07,23.185052490234
616,2016-09-08,23.282922363281045
617,2016-09-09,22.171380615234
618,2016-09-10,22.836022949219
619,2016-09-11,22.91213378906201
620,2016-09-12,22.294671630859
621,2016-09-13,22.02199707031201
622,2016-09-14,22.810266113281045
623,2016-09-15,22.788568115234
624,2016-09-16,22.450494384766046
625,2016-09-17,22.839105224609
626,2016-09-18,23.263970947266046
627,2016-09-19,22.620812988281045
628,2016-09-20,22.355401611328034
629,2016-09-21,22.711602783203034
630,2016-09-22,22.155541992188034
631,2016-09-23,22.972894287109
632,2016-09-24,22.53307495117201
633,2016-09-25,22.812707519531045
634,2016-09-26,22.300347900391046
635,2016-09-27,22.514489746094
636,2016-09-28,23.16076049804701
637,2016-09-29,23.396722412109
638,2016-09-30,22.789880371094
639,2016-10-01,22.945977783203034
640,2016-10-02,22.622460937500023
641,2016-10-03,23.49791870117201
642,2016-10-04,22.99279174804701
643,2016-10-05,23.043176269531045
644,2016-10-06,23.31554565429701
645,2016-10-07,23.144677734375023
646,2016-10-08,23.177148437500023
647,2016-10-09,22.980554199219
648,2016-10-10,23.165734863281045
649,2016-10-11,22.311761474609
650,2016-10-12,23.473962402344
651,2016-10-13,23.165032958984
652,2016-10-14,22.452539062500023
653,2016-10-15,22.986383056641046
654,2016-10-16,22.241510009766046
655,2016-10-17,23.461816406250023
656,2016-10-18,22.15734252929701
657,2016-10-19,22.745507812500023
658,2016-10-20,22.974267578125023
659,2016-10-21,22.392572021484
660,2016-10-22,22.817437744141046
661,2016-10-23,22.75890502929701
662,2016-10-24,23.20568237304701
663,2016-10-25,23.15432128906201
664,2016-10-26,21.845971679688034
665,2016-10-27,23.157403564453034
666,2016-10-28,22.47399291992201
667,2016-10-29,22.978814697266046
668,2016-10-30,22.24450073242201
669,2016-10-31,23.145104980469
670,2016-11-01,22.094934082031045
671,2016-11-02,22.457849121094
672,2016-11-03,22.145013427734
673,2016-11-04,23.085778808594
674,2016-11-05,22.467736816406045
675,2016-11-06,22.648980712891046
676,2016-11-07,22.383569335938034
677,2016-11-08,23.589349365234
678,2016-11-09,24.083062744141046
679,2016-11-10,23.49791870117201
680,2016-11-11,23.468469238281045
681,2016-11-12,23.184564208984
682,2016-11-13,23.336755371094
683,2016-11-14,24.037835693359
684,2016-11-15,22.98375854492201
685,2016-11-16,23.709954833984
686,2016-11-17,23.531732177734
687,2016-11-18,23.618554687500023
688,2016-11-19,22.862359619141046
689,2016-11-20,22.87648925781201
690,2016-11-21,21.65920410156201
691,2016-11-22,22.814111328125023
692,2016-11-23,23.852685546875023
693,2016-11-24,24.19762573242201
694,2016-11-25,24.349816894531045
695,2016-11-26,23.913354492188034
696,2016-11-27,24.087365722656045
697,2016-11-28,23.240625000000023
698,2016-11-29,23.806878662109
699,2016-11-30,24.19884643554701
700,2016-12-01,23.185021972656045
701,2016-12-02,23.860284423828034
702,2016-12-03,22.944238281250023
703,2016-12-04,22.424584960938034
704,2016-12-05,23.441400146484
705,2016-12-06,23.586206054688034
706,2016-12-07,23.662316894531045
707,2016-12-08,22.731744384766046
708,2016-12-09,23.733972167969
709,2016-12-10,23.592065429688034
710,2016-12-11,24.14391479492201
711,2016-12-12,23.180932617188034
712,2016-12-13,23.33303222656201
713,2016-12-14,23.979241943359
714,2016-12-15,23.989923095703034
715,2016-12-16,22.914056396484
716,2016-12-17,23.811212158203034
717,2016-12-18,24.333795166016046
718,2016-12-19,24.235498046875023
719,2016-12-20,24.031579589844
720,2016-12-21,24.303857421875023
721,2016-12-22,24.24523315429701
722,2016-12-23,24.611962890625023
723,2016-12-24,24.564447021484
724,2016-12-25,24.316888427734
725,2016-12-26,24.283990478516046
726,2016-12-27,23.411462402344
727,2016-12-28,24.12697753906201
728,2016-12-29,23.803430175781045
729,2016-12-30,24.064416503906045
730,2016-12-31,24.016992187500023
731,2017-01-01,24.503839111328034
732,2017-01-02,24.877770996094
733,2017-01-03,24.69225463867201
734,2017-01-04,24.53908691406201
735,2017-01-05,24.462609863281045
736,2017-01-06,24.393273925781045
737,2017-01-07,24.433038330078034
738,2017-01-08,24.385491943359
739,2017-01-09,24.810296630859
740,2017-01-10,24.246972656250023
741,2017-01-11,24.122857666016046
742,2017-01-12,23.595758056641046
743,2017-01-13,24.354791259766046
744,2017-01-14,24.714257812500023
745,2017-01-15,24.674005126953034
746,2017-01-16,24.655541992188034
747,2017-01-17,25.174798583984
748,2017-01-18,24.796960449219
749,2017-01-19,24.713098144531045
750,2017-01-20,24.876306152344
751,2017-01-21,25.21389160156201
752,2017-01-22,23.524194335938034
753,2017-01-23,22.212335205078034
754,2017-01-24,23.694665527344
755,2017-01-25,23.945031738281045
756,2017-01-26,24.377008056641046
757,2017-01-27,24.85656127929701
758,2017-01-28,24.983453369141046
759,2017-01-29,24.587152099609
760,2017-01-30,24.369073486328034
761,2017-01-31,23.122613525391046
762,2017-02-01,24.597650146484
763,2017-02-02,24.542779541016046
764,2017-02-03,24.53551635742201
765,2017-02-04,24.74230346679701
766,2017-02-05,24.902093505859
767,2017-02-06,24.476708984375023
768,2017-02-07,24.84719238281201
769,2017-02-08,24.74547729492201
770,2017-02-09,25.221032714844
771,2017-02-10,25.30812988281201
772,2017-02-11,24.937554931641046
773,2017-02-12,25.184533691406045
774,2017-02-13,25.638269042969
775,2017-02-14,25.841729736328034
776,2017-02-15,25.238519287109
777,2017-02-16,24.976861572266046
778,2017-02-17,22.782373046875023
779,2017-02-18,24.170220947266046
780,2017-02-19,24.497125244141046
781,2017-02-20,24.780419921875023
782,2017-02-21,25.10729370117201
783,2017-02-22,25.76842651367201
784,2017-02-23,25.91369018554701
785,2017-02-24,25.390435791016046
786,2017-02-25,25.546838378906045
787,2017-02-26,24.376885986328034
788,2017-02-27,24.812768554688034
789,2017-02-28,25.619226074219
790,2017-03-01,25.325158691406045
791,2017-03-02,25.637536621094
792,2017-03-03,25.37584838867201
793,2017-03-04,25.445062255859
794,2017-03-05,25.00890502929701
795,2017-03-06,24.27492675781201
796,2017-03-07,24.242456054688034
797,2017-03-08,24.925378417969
798,2017-03-09,24.478601074219
799,2017-03-10,24.391320800781045
800,2017-03-11,23.57409057617201
801,2017-03-12,24.173730468750023
802,2017-03-13,24.660424804688034
803,2017-03-14,24.155603027344
804,2017-03-15,24.188409423828034
805,2017-03-16,25.321862792969
806,2017-03-17,25.056848144531045
807,2017-03-18,25.358483886719
808,2017-03-19,24.454064941406045
809,2017-03-20,24.453881835938034
810,2017-03-21,23.723809814453034
811,2017-03-22,23.618585205078034
812,2017-03-23,23.135583496094
813,2017-03-24,24.505364990234
814,2017-03-25,25.25036010742201
815,2017-03-26,25.210504150391046
816,2017-03-27,24.088067626953034
817,2017-03-28,23.343408203125023
818,2017-03-29,25.374505615234
819,2017-03-30,25.225671386719
820,2017-03-31,23.972375488281045
821,2017-04-01,23.583825683594
822,2017-04-02,24.372308349609
823,2017-04-03,22.632165527344
824,2017-04-04,23.642663574219
825,2017-04-05,23.551934814453034
826,2017-04-06,22.305993652344
827,2017-04-07,24.228021240234
828,2017-04-08,24.867852783203034
829,2017-04-09,24.181390380859
830,2017-04-10,24.265069580078034
831,2017-04-11,24.22521362304701
832,2017-04-12,24.995843505859
833,2017-04-13,23.008752441406045
834,2017-04-14,24.832971191406045
835,2017-04-15,24.102807617188034
836,2017-04-16,24.673425292969
837,2017-04-17,23.925378417969
838,2017-04-18,23.682092285156045
839,2017-04-19,25.288323974609
840,2017-04-20,23.90432128906201
841,2017-04-21,24.362481689453034
842,2017-04-22,23.98839721679701
843,2017-04-23,23.066094970703034
844,2017-04-24,23.440393066406045
845,2017-04-25,22.656030273438034
846,2017-04-26,24.14211425781201
847,2017-04-27,24.309716796875023
848,2017-04-28,23.078210449219
849,2017-04-29,24.822503662109
850,2017-04-30,24.081842041016046
851,2017-05-01,23.576959228516046
852,2017-05-02,23.955224609375023
853,2017-05-03,22.50963745117201
854,2017-05-04,21.939447021484
855,2017-05-05,23.87990722656201
856,2017-05-06,22.314172363281045
857,2017-05-07,23.775170898438034
858,2017-05-08,24.465875244141046
859,2017-05-09,23.241693115234
860,2017-05-10,22.86428222656201
861,2017-05-11,23.932794189453034
862,2017-05-12,24.776177978516046
863,2017-05-13,23.93703613281201
864,2017-05-14,23.545068359375023
865,2017-05-15,23.756280517578034
866,2017-05-16,23.440332031250023
867,2017-05-17,23.949456787109
868,2017-05-18,24.080651855469
869,2017-05-19,24.422662353516046
870,2017-05-20,24.21569213867201
871,2017-05-21,23.191613769531045
872,2017-05-22,24.005853271484
873,2017-05-23,23.239465332031045
874,2017-05-24,23.479669189453034
875,2017-05-25,22.804376220703034
876,2017-05-26,22.187158203125023
877,2017-05-27,23.077478027344
878,2017-05-28,23.753747558594
879,2017-05-29,23.754113769531045
880,2017-05-30,23.888757324219
881,2017-05-31,24.005426025391046
882,2017-06-01,23.628076171875023
883,2017-06-02,23.345178222656045
884,2017-06-03,24.220971679688034
885,2017-06-04,23.79992065429701
886,2017-06-05,22.826745605469
887,2017-06-06,23.113977050781045
888,2017-06-07,23.804742431641046
889,2017-06-08,24.186334228516046
890,2017-06-09,24.891656494141046
891,2017-06-10,24.376245117188034
892,2017-06-11,23.544488525391046
893,2017-06-12,22.731134033203034
894,2017-06-13,22.266595458984
895,2017-06-14,23.498437500000023
896,2017-06-15,23.571588134766046
897,2017-06-16,21.511804199219
898,2017-06-17,22.398767089844
899,2017-06-18,23.223718261719
900,2017-06-19,22.141534423828034
901,2017-06-20,22.988244628906045
902,2017-06-21,23.475579833984
903,2017-06-22,23.799127197266046
904,2017-06-23,22.993157958984
905,2017-06-24,23.142327880859
906,2017-06-25,23.513391113281045
907,2017-06-26,23.110314941406045
908,2017-06-27,21.450280761719
909,2017-06-28,22.94762573242201
910,2017-06-29,22.987786865234
911,2017-06-30,22.46520385742201
912,2017-07-01,22.665216064453034
913,2017-07-02,22.901574707031045
914,2017-07-03,22.67296752929701
915,2017-07-04,23.058587646484
916,2017-07-05,22.46666870117201
917,2017-07-06,22.405114746094
918,2017-07-07,22.525292968750023
919,2017-07-08,23.107171630859
920,2017-07-09,22.951165771484
921,2017-07-10,22.678979492188034
922,2017-07-11,22.668359375000023
923,2017-07-12,22.95559082031201
924,2017-07-13,22.726983642578034
925,2017-07-14,22.585595703125023
926,2017-07-15,22.669427490234
927,2017-07-16,22.80407104492201
928,2017-07-17,22.771661376953034
929,2017-07-18,22.731988525391046
930,2017-07-19,22.82311401367201
931,2017-07-20,23.023217773438034
932,2017-07-21,22.169732666016046
933,2017-07-22,22.507897949219
934,2017-07-23,21.897546386719
935,2017-07-24,21.828790283203034
936,2017-07-25,21.847253417969
937,2017-07-26,22.701318359375023
938,2017-07-27,22.803063964844
939,2017-07-28,22.516412353516046
940,2017-07-29,22.745599365234
941,2017-07-30,22.665673828125023
942,2017-07-31,22.102838134766046
943,2017-08-01,21.641809082031045
944,2017-08-02,22.353906250000023
945,2017-08-03,22.321496582031045
946,2017-08-04,22.31432495117201
947,2017-08-05,22.245599365234
948,2017-08-06,22.354669189453034
949,2017-08-07,22.36193237304701
950,2017-08-08,22.445886230469
951,2017-08-09,22.380456542969
952,2017-08-10,22.293359375000023
953,2017-08-11,22.253717041016046
954,2017-08-12,22.84963378906201
955,2017-08-13,22.304742431641046
956,2017-08-14,22.57360229492201
957,2017-08-15,22.483148193359
958,2017-08-16,21.567681884766046
959,2017-08-17,21.676690673828034
960,2017-08-18,22.657708740234
961,2017-08-19,22.679620361328034
962,2017-08-20,21.945794677734
963,2017-08-21,22.687066650391046
964,2017-08-22,22.025933837891046
965,2017-08-23,22.708947753906045
966,2017-08-24,22.505578613281045
967,2017-08-25,21.757257080078034
968,2017-08-26,22.06252441406201
969,2017-08-27,22.145898437500023
970,2017-08-28,22.741784667969
971,2017-08-29,22.560235595703034
972,2017-08-30,22.204370117188034
973,2017-08-31,22.636499023438034
974,2017-09-01,22.81823120117201
975,2017-09-02,21.808343505859
976,2017-09-03,21.928033447266046
977,2017-09-04,22.240563964844
978,2017-09-05,23.021478271484
979,2017-09-06,23.406793212891046
980,2017-09-07,22.26940307617201
981,2017-09-08,22.632806396484
982,2017-09-09,23.232080078125023
983,2017-09-10,22.18590698242201
984,2017-09-11,22.530847167969
985,2017-09-12,22.890344238281045
986,2017-09-13,22.454522705078034
987,2017-09-14,23.133721923828034
988,2017-09-15,22.941064453125023
989,2017-09-16,22.519708251953034
990,2017-09-17,22.457757568359
991,2017-09-18,23.267816162109
992,2017-09-19,23.271234130859
993,2017-09-20,23.231164550781045
994,2017-09-21,22.980279541016046
995,2017-09-22,22.253839111328034
996,2017-09-23,22.170068359375023
997,2017-09-24,22.529626464844
998,2017-09-25,22.947259521484
999,2017-09-26,23.03795776367201
1000,2017-09-27,22.04601440429701
1001,2017-09-28,22.703393554688034
1002,2017-09-29,22.695733642578034
1003,2017-09-30,23.084283447266046
1004,2017-10-01,23.109582519531045
1005,2017-10-02,22.49547729492201
1006,2017-10-03,22.54250488281201
1007,2017-10-04,23.112786865234
1008,2017-10-05,23.363366699219
1009,2017-10-06,23.689843750000023
1010,2017-10-07,22.472650146484
1011,2017-10-08,22.59972534179701
1012,2017-10-09,22.486871337891046
1013,2017-10-10,22.820703125000023
1014,2017-10-11,22.206628417969
1015,2017-10-12,23.176446533203034
1016,2017-10-13,21.846337890625023
1017,2017-10-14,22.838037109375023
1018,2017-10-15,22.97570190429701
1019,2017-10-16,23.153527832031045
1020,2017-10-17,22.008966064453034
1021,2017-10-18,22.945947265625023
1022,2017-10-19,23.436181640625023
1023,2017-10-20,23.588372802734
1024,2017-10-21,22.676354980469
1025,2017-10-22,22.995660400391046
1026,2017-10-23,22.555871582031045
1027,2017-10-24,22.555444335938034
1028,2017-10-25,22.92955932617201
1029,2017-10-26,22.80553588867201
1030,2017-10-27,23.291955566406045
1031,2017-10-28,22.32180175781201
1032,2017-10-29,22.94631347656201
1033,2017-10-30,22.303063964844
1034,2017-10-31,23.07286987304701
1035,2017-11-01,22.403955078125023
1036,2017-11-02,22.814294433594
1037,2017-11-03,22.91564331054701
1038,2017-11-04,23.096887207031045
1039,2017-11-05,22.519006347656045
1040,2017-11-06,22.700250244141046
1041,2017-11-07,23.16491088867201
1042,2017-11-08,23.313653564453034
1043,2017-11-09,23.356835937500023
1044,2017-11-10,22.281030273438034
1045,2017-11-11,23.279962158203034
1046,2017-11-12,22.647393798828034
1047,2017-11-13,23.344445800781045
1048,2017-11-14,23.62014160156201
1049,2017-11-15,22.272149658203034
1050,2017-11-16,22.83117065429701
1051,2017-11-17,23.557366943359
1052,2017-11-18,22.790582275391046
1053,2017-11-19,21.932763671875023
1054,2017-11-20,23.567163085938034
1055,2017-11-21,23.377862548828034
1056,2017-11-22,23.323175048828034
1057,2017-11-23,22.254632568359
1058,2017-11-24,22.973474121094
1059,2017-11-25,23.354760742188034
1060,2017-11-26,23.477868652344
1061,2017-11-27,23.629968261719
1062,2017-11-28,23.615014648438034
1063,2017-11-29,23.662042236328034
1064,2017-11-30,23.247399902344
1065,2017-12-01,23.995416259766046
1066,2017-12-02,24.100579833984
1067,2017-12-03,23.976556396484
1068,2017-12-04,23.736260986328034
1069,2017-12-05,24.284753417969
1070,2017-12-06,24.138940429688034
1071,2017-12-07,23.94225463867201
1072,2017-12-08,23.575097656250023
1073,2017-12-09,23.814385986328034
1074,2017-12-10,23.719445800781045
1075,2017-12-11,23.948144531250023
1076,2017-12-12,24.049462890625023
1077,2017-12-13,24.387139892578034
1078,2017-12-14,24.234063720703034
1079,2017-12-15,24.509667968750023
1080,2017-12-16,23.895471191406045
1081,2017-12-17,24.040307617188034
1082,2017-12-18,24.051019287109
1083,2017-12-19,24.188470458984
1084,2017-12-20,24.388116455078034
1085,2017-12-21,24.278619384766046
1086,2017-12-22,23.577233886719
1087,2017-12-23,22.632135009766046
1088,2017-12-24,24.103326416016046
1089,2017-12-25,24.317376708984
1090,2017-12-26,24.142510986328034
1091,2017-12-27,24.15319213867201
1092,2017-12-28,24.421472167969
1093,2017-12-29,23.923516845703034
1094,2017-12-30,24.55910644531201
1095,2017-12-31,24.50768432617201
1188,2018-01-01,24.314904785156045
1189,2018-01-02,24.013085937500023
1190,2018-01-03,23.456994628906045
1191,2018-01-04,23.565423583984
1192,2018-01-05,23.15465698242201
1193,2018-01-06,23.296075439453034
1194,2018-01-07,23.655541992188034
1195,2018-01-08,23.92775878906201
1196,2018-01-09,24.185388183594
1197,2018-01-10,24.399560546875023
1198,2018-01-11,23.883050537109
1199,2018-01-12,24.024468994141046
1200,2018-01-13,23.969689941406045
1201,2018-01-14,24.067559814453034
1202,2018-01-15,23.802056884766046
1203,2018-01-16,24.314050292969
1204,2018-01-17,25.123925781250023
1205,2018-01-18,24.448175048828034
1206,2018-01-19,24.582299804688034
1207,2018-01-20,24.215081787109
1208,2018-01-21,24.276544189453034
1209,2018-01-22,24.548730468750023
1210,2018-01-23,23.992578125000023
1211,2018-01-24,24.05797729492201
1212,2018-01-25,24.177575683594
1213,2018-01-26,24.12267456054701
1214,2018-01-27,24.544122314453034
1215,2018-01-28,24.787255859375023
1216,2018-01-29,24.587152099609
1217,2018-01-30,25.182885742188034
1218,2018-01-31,25.244348144531045
1219,2018-02-01,25.564050292969
1220,2018-02-02,24.877038574219
1221,2018-02-03,25.719903564453034
1222,2018-02-04,26.268212890625023
1223,2018-02-05,26.529718017578034
1224,2018-02-06,26.482171630859
1225,2018-02-07,25.20324096679701
1226,2018-02-08,25.515679931641046
1227,2018-02-09,24.661523437500023
1228,2018-02-10,24.734124755859
1229,2018-02-11,25.039270019531045
1230,2018-02-12,24.777612304688034
1231,2018-02-13,24.60646972656201
1232,2018-02-14,23.981591796875023
1233,2018-02-15,25.129541015625023
1234,2018-02-16,24.381036376953034
1235,2018-02-17,24.795129394531045
1236,2018-02-18,23.719720458984
1237,2018-02-19,24.141076660156045
1238,2018-02-20,24.555169677734
1239,2018-02-21,24.322564697266046
1240,2018-02-22,23.326989746094
1241,2018-02-23,23.443139648438034
1242,2018-02-24,24.70739135742201
1243,2018-02-25,24.079064941406045
1244,2018-02-26,23.286950683594
1245,2018-02-27,23.09069213867201
1246,2018-02-28,24.151452636719
1247,2018-03-01,22.934564208984
1248,2018-03-02,24.227868652344
1249,2018-03-03,23.842675781250023
1250,2018-03-04,23.628503417969
1251,2018-03-05,24.093347167969
1252,2018-03-06,24.471124267578034
1253,2018-03-07,24.111627197266046
1254,2018-03-08,24.256890869141046
1255,2018-03-09,23.14162597656201
1256,2018-03-10,24.572991943359
1257,2018-03-11,23.443292236328034
1258,2018-03-12,24.36266479492201
1259,2018-03-13,24.980126953125023
1260,2018-03-14,24.409936523438034
1261,2018-03-15,23.817834472656045
1262,2018-03-16,24.34816894531201
1263,2018-03-17,24.293878173828034
1264,2018-03-18,24.45021972656201
1265,2018-03-19,24.701104736328034
1266,2018-03-20,24.904382324219
1267,2018-03-21,23.752893066406045
1268,2018-03-22,23.400598144531045
1269,2018-03-23,23.586083984375023
1270,2018-03-24,24.207452392578034
1271,2018-03-25,24.356622314453034
1272,2018-03-26,23.481134033203034
1273,2018-03-27,23.884606933594
1274,2018-03-28,24.731256103516046
1275,2018-03-29,24.945794677734
1276,2018-03-30,24.542657470703034
1277,2018-03-31,24.786187744141046
1278,2018-04-01,24.564752197266046
1279,2018-04-02,22.99172363281201
1280,2018-04-03,24.179864501953034
1281,2018-04-04,24.412866210938034
1282,2018-04-05,23.995202636719
1283,2018-04-06,23.548516845703034
1284,2018-04-07,22.687585449219
1285,2018-04-08,24.14122924804701
1286,2018-04-09,23.076928710938034
1287,2018-04-10,22.819085693359
1288,2018-04-11,23.411401367188034
1289,2018-04-12,23.833245849609
1290,2018-04-13,24.512841796875023
1291,2018-04-14,23.692163085938034
1292,2018-04-15,23.347131347656045
1293,2018-04-16,24.455407714844
1294,2018-04-17,24.528497314453034
1295,2018-04-18,24.074487304688034
1296,2018-04-19,24.307397460938034
1297,2018-04-20,23.315759277344
1298,2018-04-21,24.471490478516046
1299,2018-04-22,24.460717773438034
1300,2018-04-23,23.305841064453034
1301,2018-04-24,24.392266845703034
1302,2018-04-25,23.448083496094
1303,2018-04-26,24.367364501953034
1304,2018-04-27,23.844689941406045
1305,2018-04-28,23.601373291016046
1306,2018-04-29,23.427392578125023
1307,2018-04-30,24.292565917969
1308,2018-05-01,24.383508300781045
1309,2018-05-02,24.420251464844
1310,2018-05-03,23.621362304688034
1311,2018-05-04,24.293695068359
1312,2018-05-05,23.058831787109
1313,2018-05-06,23.970849609375023
1314,2018-05-07,23.266534423828034
1315,2018-05-08,23.078027343750023
1316,2018-05-09,23.793939208984
1317,2018-05-10,23.292962646484
1318,2018-05-11,24.288842773438034
1319,2018-05-12,23.104943847656045
1320,2018-05-13,23.25402221679701
1321,2018-05-14,22.847497558594
1322,2018-05-15,23.204034423828034
1323,2018-05-16,23.549310302734
1324,2018-05-17,23.767785644531045
1325,2018-05-18,24.611077880859
1326,2018-05-19,24.240991210938034
1327,2018-05-20,23.132989501953034
1328,2018-05-21,23.63488159179701
1329,2018-05-22,24.034906005859
1330,2018-05-23,24.220422363281045
1331,2018-05-24,22.556848144531045
1332,2018-05-25,23.36388549804701
1333,2018-05-26,23.74938354492201
1334,2018-05-27,23.905816650391046
1335,2018-05-28,22.300500488281045
1336,2018-05-29,22.918511962891046
1337,2018-05-30,23.39464721679701
1338,2018-05-31,23.336907958984
1339,2018-06-01,22.719781494141046
1340,2018-06-02,24.042749023438034
1341,2018-06-03,23.56701049804701
1342,2018-06-04,23.073297119141046
1343,2018-06-05,24.221856689453034
1344,2018-06-06,23.833337402344
1345,2018-06-07,23.877435302734
1346,2018-06-08,21.919274902344
1347,2018-06-09,23.191369628906045
1348,2018-06-10,23.373498535156045
1349,2018-06-11,23.929589843750023
1350,2018-06-12,23.821069335938034
1351,2018-06-13,23.378320312500023
1352,2018-06-14,24.32677612304701
1353,2018-06-15,24.42174682617201
1354,2018-06-16,23.764337158203034
1355,2018-06-17,23.386987304688034
1356,2018-06-18,22.090173339844
1357,2018-06-19,21.705560302734
1358,2018-06-20,21.62218627929701
1359,2018-06-21,22.60363159179701
1360,2018-06-22,23.050714111328034
1361,2018-06-23,22.62258300781201
1362,2018-06-24,22.357568359375023
1363,2018-06-25,23.17189941406201
1364,2018-06-26,23.219293212891046
1365,2018-06-27,22.598352050781045
1366,2018-06-28,22.874963378906045
1367,2018-06-29,22.49367675781201
1368,2018-06-30,22.058282470703034
1369,2018-07-01,22.338220214844
1370,2018-07-02,22.552789306641046
1371,2018-07-03,22.476800537109
1372,2018-07-04,22.760675048828034
1373,2018-07-05,22.924462890625023
1374,2018-07-06,22.790216064453034
1375,2018-07-07,22.728753662109
1376,2018-07-08,23.128991699219
1377,2018-07-09,22.420739746094
1378,2018-07-10,23.347467041016046
1379,2018-07-11,23.31505737304701
1380,2018-07-12,22.890191650391046
1381,2018-07-13,22.799645996094
1382,2018-07-14,23.116021728516046
1383,2018-07-15,23.119927978516046
1384,2018-07-16,22.774987792969
1385,2018-07-17,22.684472656250023
1386,2018-07-18,22.586663818359
1387,2018-07-19,22.459802246094
1388,2018-07-20,22.543664550781045
1389,2018-07-21,22.525781250000023
1390,2018-07-22,23.132806396484
1391,2018-07-23,23.379846191406045
1392,2018-07-24,22.439172363281045
1393,2018-07-25,22.21056518554701
1394,2018-07-26,21.589593505859
1395,2018-07-27,21.691339111328034
1396,2018-07-28,22.545495605469
1397,2018-07-29,22.534875488281045
1398,2018-07-30,22.687493896484
1399,2018-07-31,22.190026855469
1400,2018-08-01,22.332116699219
1401,2018-08-02,22.688134765625023
1402,2018-08-03,22.34328613281201
1403,2018-08-04,22.750268554688034
1404,2018-08-05,21.802331542969
1405,2018-08-06,21.925958251953034
1406,2018-08-07,22.318322753906045
1407,2018-08-08,22.14797363281201
1408,2018-08-09,23.056237792969
1409,2018-08-10,22.903741455078034
1410,2018-08-11,22.973046875000023
1411,2018-08-12,22.093927001953034
1412,2018-08-13,22.87877807617201
1413,2018-08-14,23.009576416016046
1414,2018-08-15,22.904595947266046
1415,2018-08-16,22.44689331054701
1416,2018-08-17,22.41784057617201
1417,2018-08-18,22.090966796875023
1418,2018-08-19,22.56334838867201
1419,2018-08-20,21.844079589844
1420,2018-08-21,21.945886230469
1421,2018-08-22,22.156701660156045
1422,2018-08-23,22.665338134766046
1423,2018-08-24,22.338464355469
1424,2018-08-25,23.15236816406201
1425,2018-08-26,22.825494384766046
1426,2018-08-27,23.025079345703034
1427,2018-08-28,23.068780517578034
1428,2018-08-29,22.727349853516046
1429,2018-08-30,22.509545898438034
1430,2018-08-31,21.989831542969
1431,2018-09-01,22.287835693359
1432,2018-09-02,21.779260253906045
1433,2018-09-03,23.010705566406045
1434,2018-09-04,22.843652343750023
1435,2018-09-05,22.541925048828034
1436,2018-09-06,22.14244995117201
1437,2018-09-07,22.349328613281045
1438,2018-09-08,22.000634765625023
1439,2018-09-09,22.31652221679701
1440,2018-09-10,22.440240478516046
1441,2018-09-11,22.450921630859
1442,2018-09-12,22.127374267578034
1443,2018-09-13,22.803308105469
1444,2018-09-14,22.944818115234
1445,2018-09-15,22.817529296875023
1446,2018-09-16,23.15187988281201
1447,2018-09-17,23.140771484375023
1448,2018-09-18,22.875421142578034
1449,2018-09-19,23.387506103516046
1450,2018-09-20,23.659875488281045
1451,2018-09-21,22.76955566406201
1452,2018-09-22,23.031335449219
1453,2018-09-23,22.373529052734
1454,2018-09-24,22.754876708984
1455,2018-09-25,23.121636962891046
1456,2018-09-26,22.587457275391046
1457,2018-09-27,22.699975585938034
1458,2018-09-28,23.03038940429701
1459,2018-09-29,23.320611572266046
1460,2018-09-30,23.236871337891046
1096,2018-10-01,22.281243896484
1097,2018-10-02,22.633538818359
1098,2018-10-03,23.312738037109
1099,2018-10-04,22.553308105469
1100,2018-10-05,22.607690429688034
1101,2018-10-06,21.364678955078034
1102,2018-10-07,22.857751464844
1103,2018-10-08,23.202783203125023
1104,2018-10-09,22.75573120117201
1105,2018-10-10,21.941491699219
1106,2018-10-11,23.143945312500023
1107,2018-10-12,21.701409912109
1108,2018-10-13,22.572961425781045
1109,2018-10-14,22.125970458984
1110,2018-10-15,22.837670898438034
1111,2018-10-16,22.891931152344
1112,2018-10-17,22.343225097656045
1113,2018-10-18,22.052178955078034
1114,2018-10-19,23.428918457031045
1115,2018-10-20,23.75548706054701
1116,2018-10-21,23.628228759766046
1117,2018-10-22,22.421655273438034
1118,2018-10-23,22.497705078125023
1119,2018-10-24,23.34020385742201
1120,2018-10-25,22.878686523438034
1121,2018-10-26,21.751916503906045
1122,2018-10-27,23.219323730469
1123,2018-10-28,22.009362792969
1124,2018-10-29,23.207910156250023
1125,2018-10-30,23.400231933594
1126,2018-10-31,22.942071533203034
1127,2018-11-01,22.97072753906201
1128,2018-11-02,21.789758300781045
1129,2018-11-03,22.86477050781201
1130,2018-11-04,22.07961425781201
1131,2018-11-05,23.289239501953034
1132,2018-11-06,22.758386230469
1133,2018-11-07,22.73619995117201
1134,2018-11-08,22.543420410156045
1135,2018-11-09,22.448571777344
1136,2018-11-10,23.436364746094
1137,2018-11-11,24.260888671875023
1138,2018-11-12,24.30407104492201
1139,2018-11-13,22.545159912109
1140,2018-11-14,22.93712768554701
1141,2018-11-15,23.630944824219
1142,2018-11-16,22.700372314453034
1143,2018-11-17,23.441125488281045
1144,2018-11-18,23.858728027344
1145,2018-11-19,22.630334472656045
1146,2018-11-20,23.610772705078034
1147,2018-11-21,24.11901245117201
1148,2018-11-22,24.224176025391046
1149,2018-11-23,23.758721923828034
1150,2018-11-24,24.056146240234
1151,2018-11-25,23.768945312500023
1152,2018-11-26,23.216271972656045
1153,2018-11-27,23.731713867188034
1154,2018-11-28,23.694970703125023
1155,2018-11-29,23.930932617188034
1156,2018-11-30,23.61071166992201
1157,2018-12-01,23.544915771484
1158,2018-12-02,24.071496582031045
1159,2018-12-03,23.199060058594
1160,2018-12-04,23.78713378906201
1161,2018-12-05,23.950494384766046
1162,2018-12-06,23.775628662109
1163,2018-12-07,23.150231933594
1164,2018-12-08,23.342614746094
1165,2018-12-09,23.48742065429701
1166,2018-12-10,23.857507324219
1167,2018-12-11,23.773736572266046
1168,2018-12-12,23.51174316406201
1169,2018-12-13,23.776788330078034
1170,2018-12-14,24.24132690429701
1171,2018-12-15,24.022851562500023
1172,2018-12-16,23.917260742188034
1173,2018-12-17,23.931298828125023
1174,2018-12-18,23.876611328125023
1175,2018-12-19,23.912347412109
1176,2018-12-20,24.097436523438034
1177,2018-12-21,24.053369140625023
1178,2018-12-22,24.013177490234
1179,2018-12-23,24.07082519531201
1180,2018-12-24,23.805413818359
1181,2018-12-25,23.656152343750023
1182,2018-12-26,23.343225097656045
1183,2018-12-27,23.651818847656045
1184,2018-12-28,23.825646972656045
1185,2018-12-29,24.061578369141046
1186,2018-12-30,23.534570312500023
1187,2018-12-31,24.253350830078034
1461,2019-01-01,24.714562988281045
1462,2019-01-02,24.245568847656045
1463,2019-01-03,24.241754150391046
1464,2019-01-04,24.35744628906201
1465,2019-01-05,24.513452148438034
1466,2019-01-06,24.633050537109
1467,2019-01-07,23.968011474609
1468,2019-01-08,24.291070556641046
1469,2019-01-09,24.105462646484
1470,2019-01-10,23.98537597656201
1471,2019-01-11,24.101037597656045
1472,2019-01-12,25.019921875000023
1473,2019-01-13,24.798028564453034
1474,2019-01-14,24.438134765625023
1475,2019-01-15,24.543237304688034
1476,2019-01-16,25.447564697266046
1477,2019-01-17,24.193841552734
1478,2019-01-18,25.23293457031201
1479,2019-01-19,24.843896484375023
1480,2019-01-20,24.869042968750023
1481,2019-01-21,24.552667236328034
1482,2019-01-22,24.686791992188034
1483,2019-01-23,24.413995361328034
1484,2019-01-24,24.566613769531045
1485,2019-01-25,24.257501220703034
1486,2019-01-26,24.173547363281045
1487,2019-01-27,24.478753662109
1488,2019-01-28,24.402154541016046
1489,2019-01-29,23.81691894531201
1490,2019-01-30,24.19469604492201
1491,2019-01-31,24.539544677734
1492,2019-02-01,25.38967285156201
1493,2019-02-02,25.138604736328034
1494,2019-02-03,24.470117187500023
1495,2019-02-04,24.604241943359
1496,2019-02-05,24.415246582031045
1497,2019-02-06,24.956292724609
1498,2019-02-07,25.23229370117201
1499,2019-02-08,24.825402832031045
1500,2019-02-09,24.944909667969
1501,2019-02-10,25.242730712891046
1502,2019-02-11,25.773187255859
1503,2019-02-12,25.424310302734
1504,2019-02-13,25.333093261719
1505,2019-02-14,24.751794433594
1506,2019-02-15,24.301202392578034
1507,2019-02-16,24.649896240234
1508,2019-02-17,24.947717285156045
1509,2019-02-18,24.540795898438034
1510,2019-02-19,25.201928710938034
1511,2019-02-20,25.448907470703034
1512,2019-02-21,25.25988159179701
1513,2019-02-22,25.00548706054701
1514,2019-02-23,24.82375488281201
1515,2019-02-24,25.266900634766046
1516,2019-02-25,23.72301635742201
1517,2019-02-26,23.432275390625023
1518,2019-02-27,22.683770751953034
1519,2019-02-28,24.18053588867201
1520,2019-03-01,24.51134643554701
1521,2019-03-02,24.707421875000023
1522,2019-03-03,24.176904296875023
1523,2019-03-04,23.897363281250023
1524,2019-03-05,24.863580322266046
1525,2019-03-06,24.02062377929701
1526,2019-03-07,24.57668457031201
1527,2019-03-08,24.206018066406045
1528,2019-03-09,24.289697265625023
1529,2019-03-10,24.195153808594
1530,2019-03-11,24.300714111328034
1531,2019-03-12,25.009362792969
1532,2019-03-13,25.466943359375023
1533,2019-03-14,24.373590087891046
1534,2019-03-15,24.631646728516046
1535,2019-03-16,23.08385620117201
1536,2019-03-17,24.155847167969
1537,2019-03-18,24.544671630859
1538,2019-03-19,24.919091796875023
1539,2019-03-20,25.325830078125023
1540,2019-03-21,25.547662353516046
1541,2019-03-22,23.284326171875023
1542,2019-03-23,24.421685791016046
1543,2019-03-24,22.826867675781045
1544,2019-03-25,24.029626464844
1545,2019-03-26,24.825402832031045
1546,2019-03-27,25.265191650391046
1547,2019-03-28,24.011895751953034
1548,2019-03-29,24.815026855469
1549,2019-03-30,25.051263427734
1550,2019-03-31,23.623590087891046
1551,2019-04-01,25.189660644531045
1552,2019-04-02,24.350518798828034
1553,2019-04-03,25.640374755859
1554,2019-04-04,23.911523437500023
1555,2019-04-05,23.922540283203034
1556,2019-04-06,24.798303222656045
1557,2019-04-07,24.177148437500023
1558,2019-04-08,24.889642333984
1559,2019-04-09,25.02428588867201
1560,2019-04-10,24.388574218750023
1561,2019-04-11,23.171624755859
1562,2019-04-12,23.985833740234
1563,2019-04-13,23.62633666992201
1564,2019-04-14,23.132653808594
1565,2019-04-15,24.618707275391046
1566,2019-04-16,23.467218017578034
1567,2019-04-17,24.601159667969
1568,2019-04-18,22.497705078125023
1569,2019-04-19,24.045800781250023
1570,2019-04-20,24.347558593750023
1571,2019-04-21,24.297082519531045
1572,2019-04-22,24.24270019531201
1573,2019-04-23,24.635583496094
1574,2019-04-24,24.39953002929701
1575,2019-04-25,23.86950073242201
1576,2019-04-26,24.352838134766046
1577,2019-04-27,25.247064208984
1578,2019-04-28,24.633203125000023
1579,2019-04-29,23.659906005859
1580,2019-04-30,24.052789306641046
1581,2019-05-01,24.390771484375023
1582,2019-05-02,24.594628906250023
1583,2019-05-03,24.108178710938034
1584,2019-05-04,23.719659423828034
1585,2019-05-05,24.105157470703034
1586,2019-05-06,23.534875488281045
1587,2019-05-07,24.58898315429701
1588,2019-05-08,24.48766479492201
1589,2019-05-09,23.445153808594
1590,2019-05-10,23.619927978516046
1591,2019-05-11,23.366021728516046
1592,2019-05-12,23.976892089844
1593,2019-05-13,23.399346923828034
1594,2019-05-14,23.792138671875023
1595,2019-05-15,24.134118652344
1596,2019-05-16,22.32131347656201
1597,2019-05-17,23.353601074219
1598,2019-05-18,23.782708740234
1599,2019-05-19,23.899499511719
1600,2019-05-20,24.230218505859
1601,2019-05-21,23.438653564453034
1602,2019-05-22,24.02037963867201
1603,2019-05-23,23.99514160156201
1604,2019-05-24,23.872033691406045
1605,2019-05-25,24.075982666016046
1606,2019-05-26,22.717614746094
1607,2019-05-27,23.28820190429701
1608,2019-05-28,23.579339599609
1609,2019-05-29,23.16555175781201
1610,2019-05-30,23.140344238281045
1611,2019-05-31,23.133477783203034
1612,2019-06-01,23.133966064453034
1613,2019-06-02,23.41784057617201
1614,2019-06-03,23.908502197266046
1615,2019-06-04,23.829003906250023
1616,2019-06-05,22.899407958984
1617,2019-06-06,22.619866943359
1618,2019-06-07,22.460504150391046
1619,2019-06-08,23.684960937500023
1620,2019-06-09,24.092370605469
1621,2019-06-10,23.736810302734
1622,2019-06-11,23.16661987304701
1623,2019-06-12,23.530450439453034
1624,2019-06-13,22.724359130859
1625,2019-06-14,23.265924072266046
1626,2019-06-15,23.230065917969
1627,2019-06-16,22.107659912109
1628,2019-06-17,23.307061767578034
1629,2019-06-18,23.834069824219
1630,2019-06-19,23.732843017578034
1631,2019-06-20,22.566796875000023
1632,2019-06-21,22.974206542969
1633,2019-06-22,22.839990234375023
1634,2019-06-23,23.138482666016046
1635,2019-06-24,22.350305175781045
1636,2019-06-25,22.685052490234
1637,2019-06-26,21.954980468750023
1638,2019-06-27,22.85265502929701
1639,2019-06-28,23.122003173828034
1640,2019-06-29,23.576348876953034
1641,2019-06-30,22.501519775391046
1642,2019-07-01,22.476281738281045
1643,2019-07-02,23.214013671875023
1644,2019-07-03,23.385064697266046
1645,2019-07-04,22.25930175781201
1646,2019-07-05,22.81545410156201
1647,2019-07-06,23.255273437500023
1648,2019-07-07,21.900384521484
1649,2019-07-08,21.893701171875023
1650,2019-07-09,22.289941406250023
1651,2019-07-10,21.305657958984
1652,2019-07-11,21.643823242188034
1653,2019-07-12,22.010980224609
1654,2019-07-13,22.756066894531045
1655,2019-07-14,21.531976318359
1656,2019-07-15,22.291589355469
1657,2019-07-16,23.588830566406045
1658,2019-07-17,22.996911621094
1659,2019-07-18,22.775598144531045
1660,2019-07-19,22.336267089844
1661,2019-07-20,22.34020385742201
1662,2019-07-21,22.794641113281045
1663,2019-07-22,22.784020996094
1664,2019-07-23,23.06740722656201
1665,2019-07-24,23.391046142578034
1666,2019-07-25,22.91539916992201
1667,2019-07-26,23.057397460938034
1668,2019-07-27,22.214501953125023
1669,2019-07-28,22.334771728516046
1670,2019-07-29,22.02623901367201
1671,2019-07-30,22.476770019531045
1672,2019-07-31,22.24816284179701
1673,2019-08-01,21.634545898438034
1674,2019-08-02,21.888879394531045
1675,2019-08-03,22.437738037109
1676,2019-08-04,22.655847167969
1677,2019-08-05,22.79055175781201
1678,2019-08-06,22.601708984375023
1679,2019-08-07,22.565362548828034
1680,2019-08-08,22.373223876953034
1681,2019-08-09,22.373223876953034
1682,2019-08-10,22.227960205078034
1683,2019-08-11,22.500756835938034
1684,2019-08-12,22.471765136719
1685,2019-08-13,22.886041259766046
1686,2019-08-14,23.220269775391046
1687,2019-08-15,23.32604370117201
1688,2019-08-16,22.81749877929701
1689,2019-08-17,23.042749023438034
1690,2019-08-18,22.083673095703034
1691,2019-08-19,22.527032470703034
1692,2019-08-20,22.120202636719
1693,2019-08-21,22.578057861328034
1694,2019-08-22,22.88332519531201
1695,2019-08-23,21.735284423828034
1696,2019-08-24,21.502832031250023
1697,2019-08-25,22.11330566406201
1698,2019-08-26,22.425836181641046
1699,2019-08-27,22.988763427734
1700,2019-08-28,22.916192626953034
1701,2019-08-29,22.930810546875023
1702,2019-08-30,22.880120849609
1703,2019-08-31,23.108789062500023
1704,2019-09-01,23.014459228516046
1705,2019-09-02,22.963677978516046
1706,2019-09-03,23.214135742188034
1707,2019-09-04,22.371362304688034
1708,2019-09-05,23.355737304688034
1709,2019-09-06,23.42858276367201
1710,2019-09-07,22.843438720703034
1711,2019-09-08,22.058770751953034
1712,2019-09-09,21.873284912109
1713,2019-09-10,22.592828369141046
1714,2019-09-11,23.133935546875023
1715,2019-09-12,23.188256835938034
1716,2019-09-13,22.941369628906045
1717,2019-09-14,23.126458740234
1718,2019-09-15,23.013726806641046
1719,2019-09-16,22.701379394531045
1720,2019-09-17,22.97365722656201
1721,2019-09-18,22.279626464844
1722,2019-09-19,22.602746582031045
1723,2019-09-20,23.238458251953034
1724,2019-09-21,22.711419677734
1725,2019-09-22,23.554498291016046
1726,2019-09-23,23.260003662109
1727,2019-09-24,23.154534912109
1728,2019-09-25,22.903649902344
1729,2019-09-26,23.045220947266046
1730,2019-09-27,22.133203125000023
1731,2019-09-28,22.950433349609
1732,2019-09-29,22.593988037109
1733,2019-09-30,22.670098876953034
1734,2019-10-01,23.283990478516046
1735,2019-10-02,22.350183105469
1736,2019-10-03,23.02208862304701
1737,2019-10-04,22.829431152344
1738,2019-10-05,23.363366699219
1739,2019-10-06,22.200280761719
1740,2019-10-07,22.247399902344
1741,2019-10-08,23.377191162109
1742,2019-10-09,22.719415283203034
1743,2019-10-10,23.271234130859
1744,2019-10-11,22.715234375000023
1745,2019-10-12,23.205529785156045
1746,2019-10-13,23.473962402344
1747,2019-10-14,22.423883056641046
1748,2019-10-15,23.019311523438034
1749,2019-10-16,23.080865478516046
1750,2019-10-17,22.575769042969
1751,2019-10-18,22.655267333984
1752,2019-10-19,22.513391113281045
1753,2019-10-20,22.433068847656045
1754,2019-10-21,22.937921142578034
1755,2019-10-22,22.690484619141046
1756,2019-10-23,21.865563964844
1757,2019-10-24,22.94054565429701
1758,2019-10-25,23.699761962891046
1759,2019-10-26,22.638421630859
1760,2019-10-27,22.565332031250023
1761,2019-10-28,22.154687500000023
1762,2019-10-29,23.273278808594
1763,2019-10-30,23.349359130859
1764,2019-10-31,22.077386474609
1765,2019-11-01,23.27590332031201
1766,2019-11-02,22.589044189453034
1767,2019-11-03,23.04641113281201
1768,2019-11-04,21.897943115234
1769,2019-11-05,23.034906005859
1770,2019-11-06,23.216149902344
1771,2019-11-07,22.634454345703034
1772,2019-11-08,23.647912597656045
1773,2019-11-09,23.29869995117201
1774,2019-11-10,22.956811523438034
1775,2019-11-11,23.091027832031045
1776,2019-11-12,22.269525146484
1777,2019-11-13,23.460687255859
1778,2019-11-14,22.951654052734
1779,2019-11-15,23.078698730469
1780,2019-11-16,23.92833862304701
1781,2019-11-17,23.600976562500023
1782,2019-11-18,24.258355712891046
1783,2019-11-19,24.497735595703034
1784,2019-11-20,22.85509643554701
1785,2019-11-21,23.036340332031045
1786,2019-11-22,23.475762939453034
1787,2019-11-23,23.838647460938034
1788,2019-11-24,24.107019042969
1789,2019-11-25,23.231225585938034
1790,2019-11-26,23.201745605469
1791,2019-11-27,23.651757812500023
1792,2019-11-28,23.840264892578034
1793,2019-11-29,24.177972412109
1794,2019-11-30,23.821435546875023
1795,2019-12-01,24.21340332031201
1796,2019-12-02,24.202294921875023
1797,2019-12-03,24.085534667969
1798,2019-12-04,24.39025268554701
1799,2019-12-05,24.124902343750023
1800,2019-12-06,24.117150878906045
1801,2019-12-07,23.586206054688034
1802,2019-12-08,23.800378417969
1803,2019-12-09,24.017846679688034
1804,2019-12-10,23.94469604492201
1805,2019-12-11,23.795556640625023
1806,2019-12-12,23.068505859375023
1807,2019-12-13,23.05016479492201
1808,2019-12-14,23.572808837891046
1809,2019-12-15,23.775781250000023
1810,2019-12-16,23.975396728516046
1811,2019-12-17,24.563470458984
1812,2019-12-18,23.062799072266046
1813,2019-12-19,23.59264526367201
1814,2019-12-20,24.438958740234
1815,2019-12-21,23.937097167969
1816,2019-12-22,24.31838378906201
1817,2019-12-23,24.24523315429701
1818,2019-12-24,24.117852783203034
1819,2019-12-25,24.30285034179701
1820,2019-12-26,24.78917846679701
1821,2019-12-27,24.392999267578034
1822,2019-12-28,24.38512573242201
1823,2019-12-29,24.17785034179701
1824,2019-12-30,24.086816406250023
1825,2019-12-31,24.326013183594
1918,2020-01-01,24.300378417969
1919,2020-01-02,23.693353271484
1920,2020-01-03,23.689508056641046
1921,2020-01-04,23.870599365234
1922,2020-01-05,24.382653808594
1923,2020-01-06,24.211633300781045
1924,2020-01-07,24.454827880859
1925,2020-01-08,24.581719970703034
1926,2020-01-09,24.040093994141046
1927,2020-01-10,24.254205322266046
1928,2020-01-11,24.028405761719
1929,2020-01-12,24.27150878906201
1930,2020-01-13,24.936090087891046
1931,2020-01-14,25.571679687500023
1932,2020-01-15,24.870202636719
1933,2020-01-16,24.938928222656045
1934,2020-01-17,24.586236572266046
1935,2020-01-18,24.45543823242201
1936,2020-01-19,23.565026855469
1937,2020-01-20,24.171472167969
1938,2020-01-21,24.945031738281045
1939,2020-01-22,25.413415527344
1940,2020-01-23,24.79186401367201
1941,2020-01-24,24.21056518554701
1942,2020-01-25,22.97863159179701
1943,2020-01-26,23.78844604492201
1944,2020-01-27,24.580468750000023
1945,2020-01-28,24.910791015625023
1946,2020-01-29,24.75426635742201
1947,2020-01-30,25.102960205078034
1948,2020-01-31,24.561334228516046
1949,2020-02-01,24.597650146484
1950,2020-02-02,24.550042724609
1951,2020-02-03,24.528253173828034
1952,2020-02-04,24.647851562500023
1953,2020-02-05,24.262658691406045
1954,2020-02-06,24.164239501953034
1955,2020-02-07,25.370355224609
1956,2020-02-08,25.254113769531045
1957,2020-02-09,24.981256103516046
1958,2020-02-10,25.23546752929701
1959,2020-02-11,25.91124877929701
1960,2020-02-12,25.075524902344
1961,2020-02-13,24.708215332031045
1962,2020-02-14,25.34035644531201
1963,2020-02-15,26.17589721679701
1964,2020-02-16,26.117669677734
1965,2020-02-17,25.194757080078034
1966,2020-02-18,25.35460815429701
1967,2020-02-19,25.55797729492201
1968,2020-02-20,26.022943115234
1969,2020-02-21,26.124566650391046
1970,2020-02-22,26.36428222656201
1971,2020-02-23,26.589440917969
1972,2020-02-24,26.502160644531045
1973,2020-02-25,25.902886962891046
1974,2020-02-26,24.187982177734
1975,2020-02-27,25.161553955078034
1976,2020-02-28,25.822686767578034
1977,2020-02-29,26.371484375000023
1978,2020-03-01,25.50670776367201
1979,2020-03-02,24.859948730469
1980,2020-03-03,25.619439697266046
1981,2020-03-04,24.754602050781045
1982,2020-03-05,25.37941894531201
1983,2020-03-06,25.346917724609
1984,2020-03-07,23.530267333984
1985,2020-03-08,25.125329589844
1986,2020-03-09,25.619317626953034
1987,2020-03-10,25.717614746094
1988,2020-03-11,25.481683349609
1989,2020-03-12,25.241693115234
1990,2020-03-13,25.28185424804701
1991,2020-03-14,24.965905761719
1992,2020-03-15,25.823205566406045
1993,2020-03-16,26.226708984375023
1994,2020-03-17,25.670953369141046
1995,2020-03-18,25.827386474609
1996,2020-03-19,25.514733886719
1997,2020-03-20,22.946343994141046
1998,2020-03-21,25.09362182617201
1999,2020-03-22,24.458001708984
2000,2020-03-23,24.883233642578034
2001,2020-03-24,23.412011718750023
2002,2020-03-25,23.938928222656045
2003,2020-03-26,24.335137939453034
2004,2020-03-27,25.603204345703034
2005,2020-03-28,25.73781738281201
2006,2020-03-29,24.30285034179701
2007,2020-03-30,25.396539306641046
2008,2020-03-31,25.72008666992201
2009,2020-04-01,23.907281494141046
2010,2020-04-02,25.335198974609
2011,2020-04-03,24.354760742188034
2012,2020-04-04,23.646417236328034
2013,2020-04-05,25.02355346679701
2014,2020-04-06,24.002770996094
2015,2020-04-07,25.45641479492201
2016,2020-04-08,23.541955566406045
2017,2020-04-09,24.010736083984
2018,2020-04-10,24.414147949219
2019,2020-04-11,22.765100097656045
2020,2020-04-12,24.912500000000023
2021,2020-04-13,24.585900878906045
2022,2020-04-14,24.73497924804701
2023,2020-04-15,24.811486816406045
2024,2020-04-16,23.75100097656201
2025,2020-04-17,23.820153808594
2026,2020-04-18,24.794244384766046
2027,2020-04-19,23.926110839844
2028,2020-04-20,23.221673583984
2029,2020-04-21,24.620568847656045
2030,2020-04-22,23.574700927734
2031,2020-04-23,24.791925048828034
2032,2020-04-24,25.388146972656045
2033,2020-04-25,25.035852050781045
2034,2020-04-26,24.113549804688034
2035,2020-04-27,23.950158691406045
2036,2020-04-28,24.691705322266046
2037,2020-04-29,24.888391113281045
2038,2020-04-30,24.129174804688034
2039,2020-05-01,25.016076660156045
2040,2020-05-02,24.449700927734
2041,2020-05-03,25.071191406250023
2042,2020-05-04,24.570214843750023
2043,2020-05-05,24.79918823242201
2044,2020-05-06,24.051263427734
2045,2020-05-07,23.775567626953034
2046,2020-05-08,22.507806396484
2047,2020-05-09,23.721673583984
2048,2020-05-10,24.09264526367201
2049,2020-05-11,24.034997558594
2050,2020-05-12,23.900689697266046
2051,2020-05-13,23.18175659179701
2052,2020-05-14,24.003320312500023
2053,2020-05-15,24.326806640625023
2054,2020-05-16,24.349084472656045
2055,2020-05-17,24.480279541016046
2056,2020-05-18,24.16832885742201
2057,2020-05-19,24.186608886719
2058,2020-05-20,23.64211425781201
2059,2020-05-21,23.468164062500023
2060,2020-05-22,23.682702636719
2061,2020-05-23,24.053704833984
2062,2020-05-24,23.836206054688034
2063,2020-05-25,23.524133300781045
2064,2020-05-26,24.370874023438034
2065,2020-05-27,24.393151855469
2066,2020-05-28,24.400842285156045
2067,2020-05-29,23.263879394531045
2068,2020-05-30,23.649377441406045
2069,2020-05-31,24.165795898438034
2070,2020-06-01,23.025445556641046
2071,2020-06-02,23.74865112304701
2072,2020-06-03,23.901635742188034
2073,2020-06-04,24.07653198242201
2074,2020-06-05,23.956872558594
2075,2020-06-06,23.361505126953034
2076,2020-06-07,23.641381835938034
2077,2020-06-08,22.966088867188034
2078,2020-06-09,22.697747802734
2079,2020-06-10,23.38463745117201
2080,2020-06-11,22.970910644531045
2081,2020-06-12,23.000482177734
2082,2020-06-13,23.229577636719
2083,2020-06-14,23.854974365234
2084,2020-06-15,23.975061035156045
2085,2020-06-16,23.212609863281045
2086,2020-06-17,22.155572509766046
2087,2020-06-18,23.333184814453034
2088,2020-06-19,23.228021240234
2089,2020-06-20,23.163140869141046
2090,2020-06-21,22.643792724609
2091,2020-06-22,23.421868896484
2092,2020-06-23,23.999719238281045
2093,2020-06-24,22.358056640625023
2094,2020-06-25,23.342828369141046
2095,2020-06-26,22.92531738281201
2096,2020-06-27,22.874963378906045
2097,2020-06-28,23.40920410156201
2098,2020-06-29,22.18908081054701
2099,2020-06-30,21.895013427734
2100,2020-07-01,23.228570556641046
2101,2020-07-02,23.363275146484
2102,2020-07-03,22.15758666992201
2103,2020-07-04,22.132409667969
2104,2020-07-05,22.95006713867201
2105,2020-07-06,23.01940307617201
2106,2020-07-07,21.871911621094
2107,2020-07-08,23.11828002929701
2108,2020-07-09,23.100396728516046
2109,2020-07-10,21.774621582031045
2110,2020-07-11,22.592279052734
2111,2020-07-12,22.872308349609
2112,2020-07-13,22.411187744141046
2113,2020-07-14,21.739343261719
2114,2020-07-15,22.193688964844
2115,2020-07-16,22.677209472656045
2116,2020-07-17,22.42678222656201
2117,2020-07-18,22.561517333984
2118,2020-07-19,22.173059082031045
2119,2020-07-20,22.569390869141046
2120,2020-07-21,22.704095458984
2121,2020-07-22,23.140069580078034
2122,2020-07-23,22.758874511719
2123,2020-07-24,22.472161865234
2124,2020-07-25,22.55602416992201
2125,2020-07-26,21.829400634766046
2126,2020-07-27,22.334771728516046
2127,2020-07-28,22.135247802734
2128,2020-07-29,22.367761230469
2129,2020-07-30,21.470666503906045
2130,2020-07-31,22.426568603516046
2131,2020-08-01,22.906152343750023
2132,2020-08-02,22.881005859375023
2133,2020-08-03,22.583184814453034
2134,2020-08-04,21.809625244141046
2135,2020-08-05,22.318322753906045
2136,2020-08-06,21.955010986328034
2137,2020-08-07,22.431329345703034
2138,2020-08-08,22.554864501953034
2139,2020-08-09,22.387841796875023
2140,2020-08-10,22.508020019531045
2141,2020-08-11,22.747888183594
2142,2020-08-12,23.380151367188034
2143,2020-08-13,23.18395385742201
2144,2020-08-14,23.289697265625023
2145,2020-08-15,23.27526245117201
2146,2020-08-16,23.536828613281045
2147,2020-08-17,23.079156494141046
2148,2020-08-18,23.369897460938034
2149,2020-08-19,23.420831298828034
2150,2020-08-20,21.858697509766046
2151,2020-08-21,22.22936401367201
2152,2020-08-22,22.621759033203034
2153,2020-08-23,22.541894531250023
2154,2020-08-24,21.94616088867201
2155,2020-08-25,22.825494384766046
2156,2020-08-26,23.126794433594
2157,2020-08-27,22.625543212891046
2158,2020-08-28,21.826348876953034
2159,2020-08-29,22.524072265625023
2160,2020-08-30,22.621972656250023
2161,2020-08-31,22.476739501953034
2162,2020-09-01,21.924615478516046
2163,2020-09-02,22.611047363281045
2164,2020-09-03,22.974450683594
2165,2020-09-04,22.65090332031201
2166,2020-09-05,21.568414306641046
2167,2020-09-06,21.448327636719
2168,2020-09-07,22.49474487304701
2169,2020-09-08,22.432794189453034
2170,2020-09-09,22.810815429688034
2171,2020-09-10,22.618066406250023
2172,2020-09-11,22.78859863281201
2173,2020-09-12,22.07668457031201
2174,2020-09-13,22.210900878906045
2175,2020-09-14,22.163568115234
2176,2020-09-15,22.454309082031045
2177,2020-09-16,22.97365722656201
2178,2020-09-17,22.657464599609
2179,2020-09-18,22.74807128906201
2180,2020-09-19,22.395562744141046
2181,2020-09-20,22.348107910156045
2182,2020-09-21,23.57628784179701
2183,2020-09-22,22.838586425781045
2184,2020-09-23,21.643151855469
2185,2020-09-24,22.722009277344
2186,2020-09-25,22.97985229492201
2187,2020-09-26,22.307611083984
2188,2020-09-27,22.42727050781201
2189,2020-09-28,21.64211425781201
2190,2020-09-29,22.074273681641046
2191,2020-09-30,23.109582519531045
1826,2020-10-01,22.778863525391046
1827,2020-10-02,22.557061767578034
1828,2020-10-03,23.214532470703034
1829,2020-10-04,22.825677490234
1830,2020-10-05,23.646264648438034
1831,2020-10-06,22.094812011719
1832,2020-10-07,23.101068115234
1833,2020-10-08,23.278894042969
1834,2020-10-09,22.769860839844
1835,2020-10-10,23.020440673828034
1836,2020-10-11,22.435296630859
1837,2020-10-12,23.161523437500023
1838,2020-10-13,22.380303955078034
1839,2020-10-14,22.307214355469
1840,2020-10-15,22.710290527344
1841,2020-10-16,23.12072143554701
1842,2020-10-17,22.778802490234
1843,2020-10-18,23.218225097656045
1844,2020-10-19,23.319543457031045
1845,2020-10-20,23.083276367188034
1846,2020-10-21,22.617822265625023
1847,2020-10-22,23.23888549804701
1848,2020-10-23,21.71984252929701
1849,2020-10-24,22.95861206054701
1850,2020-10-25,22.29689941406201
1851,2020-10-26,23.262902832031045
1852,2020-10-27,22.895837402344
1853,2020-10-28,23.396813964844
1854,2020-10-29,21.997857666016046
1855,2020-10-30,23.37804565429701
1856,2020-10-31,22.687341308594
1857,2020-11-01,21.978692626953034
1858,2020-11-02,22.290734863281045
1859,2020-11-03,22.835290527344
1860,2020-11-04,23.107568359375023
1861,2020-11-05,22.605798339844
1862,2020-11-06,23.62267456054701
1863,2020-11-07,22.65969238281201
1864,2020-11-08,23.52395019531201
1865,2020-11-09,23.756066894531045
1866,2020-11-10,22.909356689453034
1867,2020-11-11,23.199609375000023
1868,2020-11-12,23.649621582031045
1869,2020-11-13,24.09972534179701
1870,2020-11-14,23.492883300781045
1871,2020-11-15,23.94289550781201
1872,2020-11-16,23.600976562500023
1873,2020-11-17,23.89504394531201
1874,2020-11-18,24.061761474609
1875,2020-11-19,23.886895751953034
1876,2020-11-20,23.726647949219
1877,2020-11-21,23.519342041016046
1878,2020-11-22,23.758721923828034
1879,2020-11-23,23.80910644531201
1880,2020-11-24,23.471032714844
1881,2020-11-25,23.56505737304701
1882,2020-11-26,24.305749511719
1883,2020-11-27,24.341638183594
1884,2020-11-28,24.395959472656045
1885,2020-11-29,24.38820800781201
1886,2020-11-30,24.351464843750023
1887,2020-12-01,24.529290771484
1888,2020-12-02,24.506982421875023
1889,2020-12-03,23.983331298828034
1890,2020-12-04,24.19030151367201
1891,2020-12-05,24.182519531250023
1892,2020-12-06,23.920465087891046
1893,2020-12-07,23.07375488281201
1894,2020-12-08,24.243096923828034
1895,2020-12-09,24.591394042969
1896,2020-12-10,24.384118652344
1897,2020-12-11,23.417291259766046
1898,2020-12-12,23.769494628906045
1899,2020-12-13,23.96520385742201
1900,2020-12-14,24.153619384766046
1901,2020-12-15,23.880944824219
1902,2020-12-16,24.207421875000023
1903,2020-12-17,24.348931884766046
1904,2020-12-18,24.17394409179701
1905,2020-12-19,23.654199218750023
1906,2020-12-20,24.038812255859
1907,2020-12-21,24.049523925781045
1908,2020-12-22,24.535882568359
1909,2020-12-23,24.146905517578034
1910,2020-12-24,24.288323974609
1911,2020-12-25,24.171563720703034
1912,2020-12-26,24.33483276367201
1913,2020-12-27,24.56676635742201
1914,2020-12-28,24.810021972656045
1915,2020-12-29,24.697167968750023
1916,2020-12-30,24.776513671875023
1917,2020-12-31,24.591027832031045
2192,2021-01-01,24.402093505859
2193,2021-01-02,24.819635009766046
2194,2021-01-03,24.626885986328034
2195,2021-01-04,24.13219604492201
2196,2021-01-05,24.44078979492201
2197,2021-01-06,23.485009765625023
2198,2021-01-07,23.822656250000023
2199,2021-01-08,24.806970214844
2200,2021-01-09,24.76671752929701
2201,2021-01-10,25.315087890625023
2202,2021-01-11,25.190972900391046
2203,2021-01-12,24.32238159179701
2204,2021-01-13,24.485589599609
2205,2021-01-14,24.096643066406045
2206,2021-01-15,24.310693359375023
2207,2021-01-16,24.016107177734
2208,2021-01-17,24.135736083984
2209,2021-01-18,24.462701416016046
2210,2021-01-19,24.371575927734
2211,2021-01-20,24.35314331054701
2212,2021-01-21,24.690728759766046
2213,2021-01-22,24.83937988281201
2214,2021-01-23,24.900842285156045
2215,2021-01-24,25.06798706054701
2216,2021-01-25,25.223901367188034
2217,2021-01-26,25.401544189453034
2218,2021-01-27,24.544122314453034
2219,2021-01-28,24.721856689453034
2220,2021-01-29,24.732476806641046
2221,2021-01-30,25.26281127929701
2222,2021-01-31,25.20803222656201
2223,2021-02-01,24.83742675781201
2224,2021-02-02,25.138604736328034
2225,2021-02-03,25.102288818359
2226,2021-02-04,24.749597167969
2227,2021-02-05,25.410699462891046
2228,2021-02-06,25.12340698242201
2229,2021-02-07,25.086999511719
2230,2021-02-08,25.421228027344
2231,2021-02-09,24.959466552734
2232,2021-02-10,25.504327392578034
2233,2021-02-11,25.794976806641046
2234,2021-02-12,25.889337158203034
2235,2021-02-13,25.311303710938034
2236,2021-02-14,25.529290771484
2237,2021-02-15,25.224023437500023
2238,2021-02-16,25.85607299804701
2239,2021-02-17,25.499963378906045
2240,2021-02-18,24.678857421875023
2241,2021-02-19,24.838616943359
2242,2021-02-20,24.642358398438034
2243,2021-02-21,24.932916259766046
2244,2021-02-22,24.794763183594
2245,2021-02-23,24.133447265625023
2246,2021-02-24,24.758264160156045
2247,2021-02-25,25.31432495117201
2248,2021-02-26,25.306970214844
2249,2021-02-27,25.437646484375023
2250,2021-02-28,25.742761230469
2251,2021-03-01,25.920983886719
2252,2021-03-02,25.746514892578034
2253,2021-03-03,26.298638916016046
2254,2021-03-04,25.67760620117201
2255,2021-03-05,25.546594238281045
2256,2021-03-06,25.343072509766046
2257,2021-03-07,25.455895996094
2258,2021-03-08,25.434014892578034
2259,2021-03-09,24.96544799804701
2260,2021-03-10,24.151544189453034
2261,2021-03-11,24.664025878906045
2262,2021-03-12,24.08654174804701
2263,2021-03-13,24.558679199219
2264,2021-03-14,23.777734375000023
2265,2021-03-15,23.062158203125023
2266,2021-03-16,24.021203613281045
2267,2021-03-17,23.705316162109
2268,2021-03-18,23.563745117188034
2269,2021-03-19,23.930871582031045
2270,2021-03-20,22.135949707031045
2271,2021-03-21,24.544915771484
2272,2021-03-22,23.415124511719
2273,2021-03-23,24.574273681641046
2274,2021-03-24,22.092980957031045
2275,2021-03-25,23.055963134766046
2276,2021-03-26,24.382135009766046
2277,2021-03-27,24.553125000000023
2278,2021-03-28,24.832971191406045
2279,2021-03-29,24.07384643554701
2280,2021-03-30,24.964074707031045
2281,2021-03-31,24.85158691406201
2282,2021-04-01,25.305902099609
2283,2021-04-02,24.53942260742201
2284,2021-04-03,24.928277587891046
2285,2021-04-04,25.72081909179701
2286,2021-04-05,24.249505615234
2287,2021-04-06,23.090722656250023
2288,2021-04-07,25.09996948242201
2289,2021-04-08,23.792443847656045
2290,2021-04-09,23.890771484375023
2291,2021-04-10,24.454003906250023
2292,2021-04-11,22.88820800781201
2293,2021-04-12,24.12389526367201
2294,2021-04-13,23.662683105469
2295,2021-04-14,22.631280517578034
2296,2021-04-15,24.36437377929701
2297,2021-04-16,23.307366943359
2298,2021-04-17,23.394982910156045
2299,2021-04-18,24.524987792969
2300,2021-04-19,23.202935791016046
2301,2021-04-20,24.59459838867201
2302,2021-04-21,24.224420166016046
2303,2021-04-22,23.973870849609
2304,2021-04-23,24.047021484375023
2305,2021-04-24,23.505792236328034
2306,2021-04-25,24.581597900391046
2307,2021-04-26,24.476342773438034
2308,2021-04-27,24.077203369141046
2309,2021-04-28,23.826623535156045
2310,2021-04-29,23.609063720703034
2311,2021-04-30,24.924737548828034
2312,2021-05-01,24.034722900391046
2313,2021-05-02,23.475640869141046
2314,2021-05-03,23.461511230469
2315,2021-05-04,22.724176025391046
2316,2021-05-05,24.185113525391046
2317,2021-05-06,23.164300537109
2318,2021-05-07,23.041284179688034
2319,2021-05-08,22.46764526367201
2320,2021-05-09,22.515069580078034
2321,2021-05-10,23.968743896484
2322,2021-05-11,24.405084228516046
2323,2021-05-12,24.289331054688034
2324,2021-05-13,22.614587402344
2325,2021-05-14,24.053704833984
2326,2021-05-15,23.567346191406045
2327,2021-05-16,22.466638183594
2328,2021-05-17,24.065698242188034
2329,2021-05-18,22.85265502929701
2330,2021-05-19,23.623376464844
2331,2021-05-20,23.27834472656201
2332,2021-05-21,23.48229370117201
2333,2021-05-22,22.45812377929701
2334,2021-05-23,24.184075927734
2335,2021-05-24,24.41701660156201
2336,2021-05-25,24.657281494141046
2337,2021-05-26,23.952844238281045
2338,2021-05-27,23.23732910156201
2339,2021-05-28,23.935388183594
2340,2021-05-29,24.480737304688034
2341,2021-05-30,24.80431518554701
2342,2021-05-31,22.98815307617201
2343,2021-06-01,23.838800048828034
2344,2021-06-02,22.60402832031201
2345,2021-06-03,23.726861572266046
2346,2021-06-04,23.99611816406201
2347,2021-06-05,22.310845947266046
2348,2021-06-06,23.128503417969
2349,2021-06-07,23.477777099609
2350,2021-06-08,23.32164916992201
2351,2021-06-09,23.692712402344
2352,2021-06-10,24.12194213867201
2353,2021-06-11,23.05764160156201
2354,2021-06-12,23.392388916016046
2355,2021-06-13,23.509118652344
2356,2021-06-14,23.985253906250023
2357,2021-06-15,23.731439208984
2358,2021-06-16,23.524560546875023
2359,2021-06-17,23.05275878906201
2360,2021-06-18,23.260034179688034
2361,2021-06-19,23.209649658203034
2362,2021-06-20,23.242578125000023
2363,2021-06-21,21.426507568359
2364,2021-06-22,22.440362548828034
2365,2021-06-23,22.048547363281045
2366,2021-06-24,23.374841308594
2367,2021-06-25,23.375329589844
2368,2021-06-26,23.640771484375023
2369,2021-06-27,22.21325073242201
2370,2021-06-28,22.199182128906045
2371,2021-06-29,22.660791015625023
2372,2021-06-30,23.831262207031045
2373,2021-07-01,23.29738769531201
2374,2021-07-02,23.061425781250023
2375,2021-07-03,22.433190917969
2376,2021-07-04,21.91051635742201
2377,2021-07-05,22.110620117188034
2378,2021-07-06,22.877435302734
2379,2021-07-07,22.968530273438034
2380,2021-07-08,22.58400878906201
2381,2021-07-09,23.08922729492201
2382,2021-07-10,22.88244018554701
2383,2021-07-11,22.980798339844
2384,2021-07-12,22.250756835938034
2385,2021-07-13,21.927697753906045
2386,2021-07-14,22.716363525391046
2387,2021-07-15,21.535913085938034
2388,2021-07-16,22.731408691406045
2389,2021-07-17,22.706262207031045
2390,2021-07-18,22.833734130859
2391,2021-07-19,23.10646972656201
2392,2021-07-20,23.11770019531201
2393,2021-07-21,23.194268798828034
2394,2021-07-22,22.798547363281045
2395,2021-07-23,22.500634765625023
2396,2021-07-24,22.424645996094
2397,2021-07-25,22.479425048828034
2398,2021-07-26,22.43248901367201
2399,2021-07-27,21.989251708984
2400,2021-07-28,22.167657470703034
2401,2021-07-29,22.382287597656045
2402,2021-07-30,22.796472167969
2403,2021-07-31,22.575128173828034
2404,2021-08-01,22.69542846679701
2405,2021-08-02,22.368432617188034
2406,2021-08-03,22.415948486328034
2407,2021-08-04,23.44786987304701
2408,2021-08-05,22.710626220703034
2409,2021-08-06,22.463647460938034
2410,2021-08-07,22.681634521484
2411,2021-08-08,21.842767333984
2412,2021-08-09,22.939996337891046
2413,2021-08-10,22.91100463867201
2414,2021-08-11,22.33361206054701
2415,2021-08-12,22.391839599609
2416,2021-08-13,22.886041259766046
2417,2021-08-14,23.10402832031201
2418,2021-08-15,23.32604370117201
2419,2021-08-16,22.38878784179701
2420,2021-08-17,21.916467285156045
2421,2021-08-18,22.330743408203034
2422,2021-08-19,22.425286865234
2423,2021-08-20,22.105645751953034
2424,2021-08-21,22.294671630859
2425,2021-08-22,22.88332519531201
2426,2021-08-23,23.777093505859
2427,2021-08-24,23.072351074219
2428,2021-08-25,22.65099487304701
2429,2021-08-26,22.883599853516046
2430,2021-08-27,23.10500488281201
2431,2021-08-28,22.531091308594
2432,2021-08-29,23.163323974609
2433,2021-08-30,23.19982299804701
2434,2021-08-31,22.970758056641046
2435,2021-09-01,22.273278808594
2436,2021-09-02,22.40416870117201
2437,2021-09-03,22.080621337891046
2438,2021-09-04,22.131585693359
2439,2021-09-05,22.629113769531045
2440,2021-09-06,21.98986206054701
2441,2021-09-07,22.734429931641046
2442,2021-09-08,22.414819335938034
2443,2021-09-09,23.522729492188034
2444,2021-09-10,22.788995361328034
2445,2021-09-11,22.596246337891046
2446,2021-09-12,22.708673095703034
2447,2021-09-13,23.13756713867201
2448,2021-09-14,22.443444824219
2449,2021-09-15,23.68947753906201
2450,2021-09-16,22.214532470703034
2451,2021-09-17,22.661218261719
2452,2021-09-18,22.54845581054701
2453,2021-09-19,23.016931152344
2454,2021-09-20,23.27477416992201
2455,2021-09-21,22.704156494141046
2456,2021-09-22,22.457299804688034
2457,2021-09-23,22.43166503906201
2458,2021-09-24,23.01647338867201
2459,2021-09-25,22.111627197266046
2460,2021-09-26,23.25597534179701
2461,2021-09-27,22.80895385742201
2462,2021-09-28,23.168450927734
2463,2021-09-29,22.557672119141046
2464,2021-09-30,23.462121582031045
2465,2021-10-01,22.077783203125023
2466,2021-10-02,23.127648925781045
2467,2021-10-03,23.14562377929701
2468,2021-10-04,22.851220703125023
2469,2021-10-05,23.450585937500023
2470,2021-10-06,23.101281738281045
2471,2021-10-07,23.083001708984
2472,2021-10-08,23.478906250000023
2473,2021-10-09,22.501397705078034
2474,2021-10-10,21.854302978516046
2475,2021-10-11,22.51906738281201
2476,2021-10-12,23.641503906250023
2477,2021-10-13,23.212396240234
2478,2021-10-14,23.433892822266046
2479,2021-10-15,24.21096191406201
2480,2021-10-16,22.82653198242201
2481,2021-10-17,22.982659912109
2482,2021-10-18,23.425500488281045
2483,2021-10-19,22.883935546875023
2484,2021-10-20,22.316796875000023
2485,2021-10-21,22.843499755859
2486,2021-10-22,21.578759765625023
2487,2021-10-23,22.817437744141046
2488,2021-10-24,23.703515625000023
2489,2021-10-25,22.428186035156045
2490,2021-10-26,23.205163574219
2491,2021-10-27,23.044915771484
2492,2021-10-28,22.968499755859
2493,2021-10-29,23.520349121094
2494,2021-10-30,22.89162597656201
2495,2021-10-31,22.789453125000023
2496,2021-11-01,21.648278808594
2497,2021-11-02,22.436456298828034
2498,2021-11-03,22.48693237304701
2499,2021-11-04,23.220422363281045
2500,2021-11-05,23.332818603516046
2501,2021-11-06,23.143487548828034
2502,2021-11-07,23.19396362304701
2503,2021-11-08,22.834069824219
2504,2021-11-09,23.34230957031201
2505,2021-11-10,22.775140380859
2506,2021-11-11,22.466119384766046
2507,2021-11-12,22.705499267578034
2508,2021-11-13,24.216394042969
2509,2021-11-14,22.47936401367201
2510,2021-11-15,22.897027587891046
2511,2021-11-16,22.98375854492201
2512,2021-11-17,23.608239746094
2513,2021-11-18,23.58986816406201
2514,2021-11-19,22.55040893554701
2515,2021-11-20,23.218408203125023
2516,2021-11-21,23.348779296875023
2517,2021-11-22,24.216882324219
2518,2021-11-23,23.657006835938034
2519,2021-11-24,24.230523681641046
2520,2021-11-25,24.204888916016046
2521,2021-11-26,24.262628173828034
2522,2021-11-27,24.124078369141046
2523,2021-11-28,23.658624267578034
2524,2021-11-29,24.228814697266046
2525,2021-11-30,23.901361083984
2526,2021-12-01,24.21340332031201
2527,2021-12-02,23.977044677734
2528,2021-12-03,21.506036376953034
2529,2021-12-04,23.917901611328034
2530,2021-12-05,24.437341308594
2531,2021-12-06,23.317834472656045
2532,2021-12-07,23.411828613281045
2533,2021-12-08,23.727716064453034
2534,2021-12-09,24.06871948242201
2535,2021-12-10,23.995568847656045
2536,2021-12-11,24.093438720703034
2537,2021-12-12,24.529046630859
2538,2021-12-13,24.64147338867201
2539,2021-12-14,24.219537353516046
2540,2021-12-15,23.935632324219
2541,2021-12-16,24.13527832031201
2542,2021-12-17,24.185632324219
2543,2021-12-18,24.377984619141046
2544,2021-12-19,24.253869628906045
2545,2021-12-20,24.533410644531045
2546,2021-12-21,24.57653198242201
2547,2021-12-22,24.62355957031201
2548,2021-12-23,24.724786376953034
2549,2021-12-24,24.662805175781045
2550,2021-12-25,24.390039062500023
2551,2021-12-26,24.593011474609
2552,2021-12-27,23.855279541016046
2553,2021-12-28,22.866479492188034
2554,2021-12-29,23.255029296875023
2555,2021-12-30,23.803430175781045
2556,2021-12-31,24.267877197266046
2557,2022-01-01,23.966149902344
2558,2022-01-02,24.158380126953034
2559,2022-01-03,23.645928955078034
2560,2022-01-04,24.030450439453034
2561,2022-01-05,23.721429443359
2562,2022-01-06,24.10988769531201
2563,2022-01-07,24.41124877929701
2564,2022-01-08,24.52355346679701
2565,2022-01-09,24.112756347656045
2566,2022-01-10,24.741052246094
2567,2022-01-11,24.137384033203034
2568,2022-01-12,24.453179931641046
2569,2022-01-13,24.282128906250023
2570,2022-01-14,24.183831787109
2571,2022-01-15,24.361566162109
2572,2022-01-16,23.885339355469
2573,2022-01-17,23.692468261719
2574,2022-01-18,24.222924804688034
2575,2022-01-19,23.906549072266046
2576,2022-01-20,24.062463378906045
2577,2022-01-21,24.16027221679701
2578,2022-01-22,24.621392822266046
2579,2022-01-23,24.559350585938034
2580,2022-01-24,25.082513427734
2581,2022-01-25,24.475488281250023
2582,2022-01-26,24.609521484375023
2583,2022-01-27,25.067315673828034
2584,2022-01-28,24.511132812500023
2585,2022-01-29,24.623468017578034
2586,2022-01-30,24.231011962891046
2587,2022-01-31,24.466882324219
2588,2022-02-01,24.474114990234
2589,2022-02-02,24.426538085938034
2590,2022-02-03,24.07775268554701
2591,2022-02-04,24.40807495117201
2592,2022-02-05,24.342553710938034
2593,2022-02-06,24.592980957031045
2594,2022-02-07,25.05065307617201
2595,2022-02-08,25.384912109375023
2596,2022-02-09,25.126550292969
2597,2022-02-10,25.141015625000023
2598,2022-02-11,25.38805541992201
2599,2022-02-12,25.475183105469
2600,2022-02-13,24.998834228516046
2601,2022-02-14,25.522027587891046
2602,2022-02-15,25.710870361328034
2603,2022-02-16,24.439172363281045
2604,2022-02-17,25.441796875000023
2605,2022-02-18,25.470880126953034
2606,2022-02-19,24.70055541992201
2607,2022-02-20,24.824029541016046
2608,2022-02-21,25.252618408203034
2609,2022-02-22,25.208947753906045
2610,2022-02-23,24.910943603516046
2611,2022-02-24,25.186975097656045
2612,2022-02-25,25.612237548828034
2613,2022-02-26,26.084466552734
2614,2022-02-27,25.030755615234
2615,2022-02-28,25.40123901367201
2616,2022-03-01,25.695733642578034
2617,2022-03-02,25.688378906250023
2618,2022-03-03,24.889001464844
2619,2022-03-04,24.536798095703034
2620,2022-03-05,23.875390625000023
2621,2022-03-06,24.543786621094
2622,2022-03-07,24.765618896484
2623,2022-03-08,25.499414062500023
2624,2022-03-09,24.333276367188034
2625,2022-03-10,23.003472900391046
2626,2022-03-11,23.566827392578034
2627,2022-03-12,23.81041870117201
2628,2022-03-13,24.486016845703034
2629,2022-03-14,25.361810302734
2630,2022-03-15,23.912286376953034
2631,2022-03-16,24.406304931641046
2632,2022-03-17,25.427423095703034
2633,2022-03-18,25.220422363281045
2634,2022-03-19,24.490380859375023
2635,2022-03-20,23.538323974609
2636,2022-03-21,24.472253417969
2637,2022-03-22,24.861108398438034
2638,2022-03-23,25.184625244141046
2639,2022-03-24,25.384576416016046
2640,2022-03-25,24.422021484375023
2641,2022-03-26,25.472070312500023
2642,2022-03-27,25.07628784179701
2643,2022-03-28,24.760308837891046
2644,2022-03-29,24.938531494141046
2645,2022-03-30,25.523583984375023
2646,2022-03-31,24.931481933594
2647,2022-04-01,23.736413574219
2648,2022-04-02,24.474023437500023
2649,2022-04-03,25.04454956054701
2650,2022-04-04,23.48278198242201
2651,2022-04-05,24.343957519531045
2652,2022-04-06,24.224267578125023
2653,2022-04-07,25.187158203125023
2654,2022-04-08,23.763391113281045
2655,2022-04-09,23.498376464844
2656,2022-04-10,24.875421142578034
2657,2022-04-11,24.050836181641046
2658,2022-04-12,24.203820800781045
2659,2022-04-13,23.168603515625023
2660,2022-04-14,23.059991455078034
2661,2022-04-15,23.427056884766046
2662,2022-04-16,24.826013183594
2663,2022-04-17,23.336816406250023
2664,2022-04-18,24.18346557617201
2665,2022-04-19,22.810540771484
2666,2022-04-20,24.398431396484
2667,2022-04-21,24.115441894531045
2668,2022-04-22,24.91848144531201
2669,2022-04-23,23.778161621094
2670,2022-04-24,23.992639160156045
2671,2022-04-25,24.603417968750023
2672,2022-04-26,23.938653564453034
2673,2022-04-27,22.878259277344
2674,2022-04-28,23.833886718750023
2675,2022-04-29,22.875177001953034
2676,2022-04-30,24.030999755859
2677,2022-05-01,23.685968017578034
2678,2022-05-02,23.330316162109
2679,2022-05-03,24.318902587891046
2680,2022-05-04,23.792321777344
2681,2022-05-05,23.829034423828034
2682,2022-05-06,23.658410644531045
2683,2022-05-07,23.600762939453034
2684,2022-05-08,24.494927978516046
2685,2022-05-09,24.26622924804701
2686,2022-05-10,23.365655517578034
2687,2022-05-11,23.039056396484
2688,2022-05-12,24.01320800781201
2689,2022-05-13,24.213159179688034
2690,2022-05-14,23.76305541992201
2691,2022-05-15,23.756280517578034
2692,2022-05-16,24.123345947266046
2693,2022-05-17,22.467126464844
2694,2022-05-18,23.46300659179701
2695,2022-05-19,22.911279296875023
2696,2022-05-20,23.380059814453034
2697,2022-05-21,23.20617065429701
2698,2022-05-22,23.736993408203034
2699,2022-05-23,22.273034667969
2700,2022-05-24,23.043664550781045
2701,2022-05-25,23.00783691406201
2702,2022-05-26,23.218957519531045
2703,2022-05-27,23.193750000000023
2704,2022-05-28,23.710137939453034
2705,2022-05-29,23.441674804688034
2706,2022-05-30,23.438256835938034
2707,2022-05-31,23.046289062500023
2708,2022-06-01,23.475488281250023
2709,2022-06-02,22.153527832031045
2710,2022-06-03,23.661462402344
2711,2022-06-04,23.124169921875023
2712,2022-06-05,21.933007812500023
2713,2022-06-06,23.629876708984
2714,2022-06-07,23.223474121094
2715,2022-06-08,22.725823974609
2716,2022-06-09,22.639123535156045
2717,2022-06-10,23.082849121094
2718,2022-06-11,23.450006103516046
2719,2022-06-12,22.716607666016046
2720,2022-06-13,22.884240722656045
2721,2022-06-14,23.491174316406045
2722,2022-06-15,23.38268432617201
2723,2022-06-16,21.940515136719
2724,2022-06-17,21.810205078125023
2725,2022-06-18,22.184625244141046
2726,2022-06-19,22.366784667969
2727,2022-06-20,21.549523925781045
2728,2022-06-21,21.789819335938034
2729,2022-06-22,22.592950439453034
2730,2022-06-23,22.760644531250023
2731,2022-06-24,23.113275146484
2732,2022-06-25,23.346276855469
2733,2022-06-26,22.652551269531045
2734,2022-06-27,20.95617065429701
2735,2022-06-28,22.933099365234
2736,2022-06-29,23.801599121094
2737,2022-06-30,22.298059082031045
2738,2022-07-01,21.974908447266046
2739,2022-07-02,23.017816162109
2740,2022-07-03,23.181634521484
2741,2022-07-04,22.237512207031045
2742,2022-07-05,22.350427246094
2743,2022-07-06,22.971887207031045
2744,2022-07-07,23.033929443359
2745,2022-07-08,22.990930175781045
2746,2022-07-09,22.246331787109
2747,2022-07-10,22.250238037109
2748,2022-07-11,22.392236328125023
2749,2022-07-12,22.221673583984
2750,2022-07-13,22.726983642578034
2751,2022-07-14,22.98522338867201
2752,2022-07-15,22.62584838867201
2753,2022-07-16,22.54250488281201
2754,2022-07-17,22.873376464844
2755,2022-07-18,22.521264648438034
2756,2022-07-19,22.096490478516046
2757,2022-07-20,22.296594238281045
2758,2022-07-21,21.806420898438034
2759,2022-07-22,21.563287353516046
2760,2022-07-23,21.694085693359
2761,2022-07-24,22.533624267578034
2762,2022-07-25,21.498468017578034
2763,2022-07-26,21.996514892578034
2764,2022-07-27,22.694085693359
2765,2022-07-28,22.363824462891046
2766,2022-07-29,22.345971679688034
2767,2022-07-30,22.382287597656045
2768,2022-07-31,22.24816284179701
2769,2022-08-01,22.731744384766046
2770,2022-08-02,22.317590332031045
2771,2022-08-03,22.357843017578034
2772,2022-08-04,22.902886962891046
2773,2022-08-05,22.252832031250023
2774,2022-08-06,22.696191406250023
2775,2022-08-07,22.572656250000023
2776,2022-08-08,22.380456542969
2777,2022-08-09,22.983575439453034
2778,2022-08-10,22.81652221679701
2779,2022-08-11,21.788659667969
2780,2022-08-12,22.689782714844
2781,2022-08-13,22.028619384766046
2782,2022-08-14,21.570855712891046
2783,2022-08-15,21.923638916016046
2784,2022-08-16,22.359704589844
2785,2022-08-17,22.773889160156045
2786,2022-08-18,22.39611206054701
2787,2022-08-19,22.628747558594
2788,2022-08-20,23.057519531250023
2789,2022-08-21,23.050378417969
2790,2022-08-22,22.38195190429701
2791,2022-08-23,22.636285400391046
2792,2022-08-24,22.069604492188034
2793,2022-08-25,22.178674316406045
2794,2022-08-26,22.193292236328034
2795,2022-08-27,22.073205566406045
2796,2022-08-28,22.175012207031045
2797,2022-08-29,22.305932617188034
2798,2022-08-30,22.444146728516046
2799,2022-08-31,22.207788085938034
2800,2022-09-01,21.728295898438034
2801,2022-09-02,22.142572021484
2802,2022-09-03,22.87990722656201
2803,2022-09-04,22.509423828125023
2804,2022-09-05,22.948815917969
2805,2022-09-06,22.738275146484
2806,2022-09-07,23.097741699219
2807,2022-09-08,22.908929443359
2808,2022-09-09,22.69436035156201
2809,2022-09-10,22.026055908203034
2810,2022-09-11,22.327416992188034
2811,2022-09-12,23.013879394531045
2812,2022-09-13,22.745172119141046
2813,2022-09-14,23.039270019531045
2814,2022-09-15,22.846582031250023
2815,2022-09-16,22.141870117188034
2816,2022-09-17,22.486810302734
2817,2022-09-18,22.592065429688034
2818,2022-09-19,21.491021728516046
2819,2022-09-20,22.809716796875023
2820,2022-09-21,23.07473144531201
2821,2022-09-22,22.515435791016046
2822,2022-09-23,22.81676635742201
2823,2022-09-24,23.009210205078034
2824,2022-09-25,22.482232666016046
2825,2022-09-26,22.674645996094
2826,2022-09-27,22.009698486328034
2827,2022-09-28,21.969537353516046
2828,2022-09-29,22.470483398438034
2829,2022-09-30,22.611962890625023
2830,2022-10-01,22.680902099609
2831,2022-10-02,22.836999511719
2832,2022-10-03,22.651513671875023
2833,2022-10-04,22.495172119141046
2834,2022-10-05,22.418756103516046
2835,2022-10-06,22.171228027344
2836,2022-10-07,21.709710693359
2837,2022-10-08,22.541558837891046
2838,2022-10-09,22.574060058594
2839,2022-10-10,22.573663330078034
2840,2022-10-11,22.606256103516046
2841,2022-10-12,22.805871582031045
2842,2022-10-13,22.849084472656045
2843,2022-10-14,21.573724365234
2844,2022-10-15,22.24181518554701
2845,2022-10-16,22.833825683594
2846,2022-10-17,23.113458251953034
2847,2022-10-18,22.568078613281045
2848,2022-10-19,22.12828979492201
2849,2022-10-20,22.047937011719
2850,2022-10-21,22.589166259766046
2851,2022-10-22,22.283593750000023
2852,2022-10-23,22.156213378906045
2853,2022-10-24,23.274804687500023
2854,2022-10-25,22.435449218750023
2855,2022-10-26,23.059838867188034
2856,2022-10-27,22.652551269531045
2857,2022-10-28,22.205529785156045
2858,2022-10-29,22.655664062500023
2859,2022-10-30,23.05870971679701
2860,2022-10-31,22.556970214844
2861,2022-11-01,23.573815917969
2862,2022-11-02,23.286614990234
2863,2022-11-03,23.47512207031201
2864,2022-11-04,22.958825683594
2865,2022-11-05,23.383691406250023
2866,2022-11-06,23.434167480469
2867,2022-11-07,23.789788818359
2868,2022-11-08,24.02575073242201
2869,2022-11-09,23.378656005859
2870,2022-11-10,22.593499755859
2871,2022-11-11,23.083734130859
2872,2022-11-12,23.286828613281045
2873,2022-11-13,23.606042480469
2874,2022-11-14,23.256829833984
2875,2022-11-15,22.969720458984
2876,2022-11-16,23.310754394531045
2877,2022-11-17,23.491998291016046
2878,2022-11-18,23.001306152344
2879,2022-11-19,22.470452880859
2880,2022-11-20,23.61803588867201
2881,2022-11-21,23.864709472656045
2882,2022-11-22,23.628320312500023
2883,2022-11-23,23.591607666016046
2884,2022-11-24,24.01256713867201
2885,2022-11-25,24.110437011719
2886,2022-11-26,23.753991699219
2887,2022-11-27,23.753503417969
2888,2022-11-28,23.062799072266046
2889,2022-11-29,23.356896972656045
2890,2022-11-30,23.930413818359
2891,2022-12-01,23.610284423828034
2892,2022-12-02,23.817193603516046
2893,2022-12-03,23.35891113281201
2894,2022-12-04,23.801690673828034
2895,2022-12-05,24.321099853516046
2896,2022-12-06,23.05626831054701
2897,2022-12-07,22.77965698242201
2898,2022-12-08,23.37893066406201
2899,2022-12-09,23.414758300781045
2900,2022-12-10,23.98830566406201
2901,2022-12-11,24.34777221679701
2902,2022-12-12,23.780603027344
2903,2022-12-13,23.84215698242201
2904,2022-12-14,23.819879150391046
2905,2022-12-15,23.732171630859
2906,2022-12-16,21.61388549804701
2907,2022-12-17,23.073907470703034
2908,2022-12-18,23.796685791016046
2909,2022-12-19,24.02135620117201
2910,2022-12-20,24.039331054688034
2911,2022-12-21,23.486596679688034
2912,2022-12-22,23.228448486328034
2913,2022-12-23,22.857385253906045
2914,2022-12-24,23.209558105469
2915,2022-12-25,23.481744384766046
2916,2022-12-26,24.389550781250023
2917,2022-12-27,24.291253662109
2918,2022-12-28,24.24709472656201
2919,2022-12-29,24.185113525391046
2920,2022-12-30,23.483697509766046
2921,2022-12-31,23.766503906250023
